ä¸‹è½½é“¾æ¥,ä¿å­˜çš„æ–‡ä»¶å
https://i.pximg.net/img-original/img/2022/09/20/00/00/06/101351450_p0.jpg,save_here/#åŸç¥ å„ªé›…ãªç”Ÿæ´»ã‚’æ‰‹ã«å…¥ã‚ŒãŸãƒ¢ãƒŠã•ã‚“ ä½œè€…pid1960050.jpg
https://i.pximg.net/img-original/img/2022/09/20/06/00/02/101356597_p0.jpg,save_here/#FGO ASMRâ‘¡ ä½œè€…pid19585163.jpg
https://i.pximg.net/img-original/img/2022/09/20/08/32/38/101357868_p0.png,save_here/#ãŒã‚“ã°ã‚ŒåŒæœŸã¡ã‚ƒã‚“ ï½¸ï¾ï½¸ï¾ ä½œè€…pid6210796.png
https://i.pximg.net/img-original/img/2022/09/20/00/00/15/101351518_p0.jpg,save_here/#ãƒã‚§ãƒ³ã‚½ãƒ¼ãƒãƒ³ ãƒã‚§ãƒ³ã‚½ãƒ¼ãƒãƒ³VSã‚µãƒ ãƒ©ã‚¤ã‚½ãƒ¼ãƒ‰ ä½œè€…pid24517.jpg
https://i.pximg.net/img-original/img/2022/09/21/00/01/13/101373104_p0.jpg,save_here/#ã‚ªãƒªã‚¸ãƒŠãƒ« è™¹ç›®ã•ã‚“ã¯ã™ãç›®ã«å‡ºã‚‹ ä½œè€…pid13651304.jpg
https://i.pximg.net/img-original/img/2022/09/20/00/01/02/101351636_p0.png,save_here/#ãƒ‹ã‚£ãƒ­ã‚¦ ãƒ‹ã‚£ãƒ­ã‚¦ğŸ’ ä½œè€…pid1193139.png
https://i.pximg.net/img-original/img/2022/09/20/08/06/15/101357646_p0.jpg,save_here/#CLIPSTUDIOPAINT ã¡ã•ã¨ ä½œè€…pid603733.jpg
https://i.pximg.net/img-original/img/2022/09/20/00/00/06/101351451_p0.png,save_here/#100æ—¥ãƒãƒ£ãƒ¬ãƒ³ã‚¸ 10. åˆ¶æœã‚’è„±ã„ã ã‚‰ã€ä¸»å½¹ã¯ç§ãªã® ä½œè€…pid7324626.png
https://i.pximg.net/img-original/img/2022/09/20/00/00/13/101351514_p0.png,save_here/#å¥³ã®å­ âœ§âœ¦âœ§ ä½œè€…pid20728711.png
https://i.pximg.net/img-original/img/2022/09/20/00/03/21/101351716_p0.jpg,save_here/#Fate ã‚®ãƒ« ä½œè€…pid16183476.jpg
https://i.pximg.net/img-original/img/2022/09/20/00/04/21/101351755_p0.jpg,save_here/#åŸç¥ ç”˜é›¨ ä½œè€…pid162475.jpg
https://i.pximg.net/img-original/img/2022/09/20/20/08/29/101367017_p0.png,save_here/#ã‚ªãƒªã‚¸ãƒŠãƒ« ã™ã”ã„çµŒç·¯ã‚ã‚‹ã£ã½ã„å§‰å¼Ÿé–¢ä¿‚ ä½œè€…pid195407.png
https://i.pximg.net/img-original/img/2022/09/21/00/00/18/101372988_p0.jpg,save_here/#Fate_GrandOrder ç…‰ç„ã‚ªãƒ«ã‚¿ ä½œè€…pid2119505.jpg
https://i.pximg.net/img-original/img/2022/09/20/17/09/24/101363730_p0.jpg,save_here/#ONEPIECE å¹¼é¦´æŸ“ã¾ã¨ã‚ ä½œè€…pid60701422.jpg
https://i.pximg.net/img-original/img/2022/09/20/00/00/15/101351512_p0.png,save_here/#ã‚ªãƒªã‚¸ãƒŠãƒ« æµ·é¢¨ã‚¹ã‚¤ã‚«ãƒãƒ¼ ä½œè€…pid50151624.png
https://i.pximg.net/img-original/img/2022/09/20/01/23/10/101353741_p0.jpg,save_here/#ã‚ªãƒªã‚¸ãƒŠãƒ« ga ä½œè€…pid11764388.jpg
https://i.pximg.net/img-original/img/2022/09/20/01/35/33/101353976_p0.jpg,save_here/#ã‚ªãƒªã‚¸ãƒŠãƒ« Books & Nooks ä½œè€…pid3137712.jpg
https://i.pximg.net/img-original/img/2022/09/20/20/30/02/101367438_p0.png,save_here/#ã‚ªãƒªã‚¸ãƒŠãƒ« ã‚«ã‚¹ãƒ†ãƒ© ä½œè€…pid1096811.png
https://i.pximg.net/img-original/img/2022/09/20/19/05/35/101365702_p0.jpg,save_here/#åŸç¥ ç‘ ç’ƒã®ã‚ˆã†ã« ä½œè€…pid7274164.jpg
https://i.pximg.net/img-original/img/2022/09/20/00/00/13/101351498_p0.jpg,save_here/#ã‚ªãƒªã‚¸ãƒŠãƒ« å‡ºæ’ƒ ä½œè€…pid5130774.jpg
https://i.pximg.net/img-original/img/2022/09/20/00/00/39/101351606_p0.png,save_here/#æ±æ–¹ é­”æ³•ã®ç ”ç©¶ ä½œè€…pid66038798.png
https://i.pximg.net/img-original/img/2022/09/20/17/08/50/101363717_p0.jpg,save_here/#FGO åˆ©ä¼‘ãŸã ä½œè€…pid38354289.jpg
https://i.pximg.net/img-original/img/2022/09/20/00/09/57/101351963_p0.jpg,save_here/#ã‚ªãƒªã‚¸ãƒŠãƒ« ğŸŒ¿ ä½œè€…pid333556.jpg
https://i.pximg.net/img-original/img/2022/09/21/20/30/01/101388039_p0.png,save_here/#ã‚ªãƒªã‚¸ãƒŠãƒ« æŠ¹èŒ¶ãƒ©ãƒ†èŒ¶å±‹ ä½œè€…pid1096811.png
https://i.pximg.net/img-original/img/2022/09/20/19/15/06/101365963_p0.png,save_here/#ã‚ªãƒªã‚¸ãƒŠãƒ« The White Queen. ä½œè€…pid3981719.png
https://i.pximg.net/img-original/img/2022/09/21/00/01/42/101373131_p0.jpg,save_here/#ã‚ªãƒªã‚¸ãƒŠãƒ« ã¤ã°ã•ã®æ¥½åœ’ ä½œè€…pid635526.jpg
https://i.pximg.net/img-original/img/2022/09/20/13/29/19/101361126_p0.jpg,save_here/#ãƒœãƒ¼ã‚«ãƒ­ã‚¤ãƒ‰ ãƒŸã‚¯ã¡ã‚ƒã‚“ ä½œè€…pid67101736.jpg
https://i.pximg.net/img-original/img/2022/09/20/13/27/21/101361103_p0.jpg,save_here/#ã‚»ãƒ¼ãƒ©ãƒ¼æœ èª•ç”Ÿæ—¥ã‚¬ãƒ¼ãƒ« ä½œè€…pid67101736.jpg
https://i.pximg.net/img-original/img/2022/09/21/00/00/17/101372985_p0.png,save_here/#è› è›ğŸŒ¼ ä½œè€…pid1193139.png
https://i.pximg.net/img-original/img/2022/09/21/01/26/27/101375138_p0.png,save_here/#ã‚¢ã‚ºãƒ¼ãƒ«ãƒ¬ãƒ¼ãƒ³ ã‚¢ã‚ºãƒ¬ãƒ³5å‘¨å¹´ ä½œè€…pid4357504.png
https://i.pximg.net/img-original/img/2022/09/21/23/40/09/101381606_p0.jpg,save_here/#åŸç¥ é¶´ã®æ©è¿”ã— ä½œè€…pid5271609.jpg
https://i.pximg.net/img-original/img/2022/09/20/21/01/58/101368191_p0.png,save_here/#Splatoon ã€ã‚¹ãƒ—ãƒ©ã€‘ãƒã‚¤ãƒˆãƒªãƒ¼ãƒ€ãƒ¼ã¨æ–°äººã®æ¼«ç”» ä½œè€…pid44980831.png
https://i.pximg.net/img-original/img/2022/09/20/16/33/24/101363249_p0.jpg,save_here/#åŸç¥ åŸå®äºŒå‘¨å¹´å¿«ä¹ï¼ï¼ ä½œè€…pid25964693.jpg
https://i.pximg.net/img-original/img/2022/09/21/00/00/02/101372892_p0.png,save_here/#ãƒ«ãƒ»ãƒãƒ©ãƒ³ ãƒ«ãƒ»ãƒãƒ©ãƒ³ ä½œè€…pid5229572.png
https://i.pximg.net/img-original/img/2022/09/20/17/01/02/101363605_p0.jpg,save_here/#ã‚ªãƒªã‚¸ãƒŠãƒ« ã€æ‚ªé­”ã¨æ­»ã«ã‹ã‘å¨˜ã€ ä½œè€…pid23835179.jpg
https://i.pximg.net/img-original/img/2022/09/21/14/02/57/101382312_p0.jpg,save_here/#ã‚¢ãƒƒãƒ—ãƒ‡ãƒ¼ãƒˆ ã‚¢ãƒƒãƒ—ãƒ‡ãƒ¼ãƒˆã€‚ ä½œè€…pid30998669.jpg
https://i.pximg.net/img-original/img/2022/09/21/05/27/10/101365443_p0.jpg,save_here/#W(ã‚¢ãƒ¼ã‚¯ãƒŠã‚¤ãƒ„) W ä½œè€…pid12539859.jpg
https://i.pximg.net/img-original/img/2022/09/20/00/20/03/101352253_p0.jpg,save_here/#ãƒãƒ£ã‚¤ãƒŠæœ ãƒãƒ£ã‚¤ãƒŠæœç‹å¨˜ãƒ•ã‚£ã‚®ãƒ¥ã‚¢ãŒå‡ºã¾ã™ ä½œè€…pid355065.jpg
https://i.pximg.net/img-original/img/2022/09/20/15/03/37/101362213_p0.jpg,save_here/#GenshinImpact battle scars ä½œè€…pid16280672.jpg
https://i.pximg.net/img-original/img/2022/09/20/01/35/15/101353967_p0.jpg,save_here/#ã‚ªãƒªã‚¸ãƒŠãƒ« ã‚¬ãƒ©ã‚¹å°æ‚ªé­”ã¡ã‚ƒã‚“ ä½œè€…pid14000684.jpg
https://i.pximg.net/img-original/img/2022/09/20/13/25/08/101361077_p0.jpg,save_here/#å¥³ã®å­ å¤ç¥­ã‚Š ä½œè€…pid67101736.jpg
https://i.pximg.net/img-original/img/2022/09/21/19/12/10/101386510_p0.png,save_here/#ã‚ªãƒªã‚¸ãƒŠãƒ« ç•ªå¤–ç·¨ã€Œæœã¾ã§ã»ã‚“ã®å°‘ã—ã®ãŠåˆ¥ã‚Œã®æŒ¨æ‹¶ã€ ä½œè€…pid195407.png
https://i.pximg.net/img-original/img/2022/09/20/00/29/22/101352519_p0.jpg,save_here/#ãƒ›ãƒ­ãƒ©ã‚¤ãƒ– Sexyä¸–ç•Œä¸€ Superãƒ”ãƒãƒ”ãƒ ä½œè€…pid38444677.jpg
https://i.pximg.net/img-original/img/2022/09/20/13/30/04/101361130_p0.jpg,save_here/#ç§‹ ç§‹ã„ã‚ ä½œè€…pid67101736.jpg
https://i.pximg.net/img-original/img/2022/09/20/07/22/28/101357250_p0.jpg,save_here/#ç›®ã«ğŸ’¢ è€å…µã¯æ­»ãªãšã€ç£å°‘å¥³ã‚’æ‹¾ã†ã€6ã€‘ ä½œè€…pid4773487.jpg
https://i.pximg.net/img-original/img/2022/09/20/14/19/29/101361722_p0.png,save_here/#ã‚¢ã‚ºãƒ¼ãƒ«ãƒ¬ãƒ¼ãƒ³ ã‚¢ã‚ºãƒ¼ãƒ«ãƒ¬ãƒ¼ãƒ³ 5å‘¨å¹´ ä½œè€…pid3975343.png
https://i.pximg.net/img-original/img/2022/09/22/20/48/44/101373008_p0.jpg,save_here/#å‰µä½œ HAPPY ä½œè€…pid811927.jpg
https://i.pximg.net/img-original/img/2022/09/20/13/26/19/101361093_p0.jpg,save_here/#å¤ æš‘ãã¦ç…©ã„ã‘ã©å¥½ããªå­£ç¯€ ä½œè€…pid67101736.jpg
https://i.pximg.net/img-original/img/2022/09/21/08/00/01/101378626_p0.jpg,save_here/#æ¼«ç”»ç´ æå·¥æˆ¿ ãƒ‘ãƒ¼ãƒ«ãƒ–ãƒ©ã‚·6ç¨®ã‚»ãƒƒãƒˆ ä½œè€…pid16776564.jpg
https://i.pximg.net/img-original/img/2022/09/21/20/18/17/101387768_p0.jpg,save_here/#ãƒŸãƒ©ãƒ¼ãƒªãƒœãƒ³ã‚º ã‹ãã‚Œã‚“ã¼ ä½œè€…pid3438728.jpg
https://i.pximg.net/img-original/img/2022/09/20/13/22/39/101361051_p0.jpg,save_here/#ã‚·ãƒŠãƒŸã‚¯ ã‚·ãƒŠãƒ¢ãƒ³ãƒŸã‚¯ã¡ã‚ƒã‚“ ä½œè€…pid67101736.jpg
https://i.pximg.net/img-original/img/2022/09/20/00/02/26/101351683_p0.jpg,save_here/#ã‚ªãƒªã‚¸ãƒŠãƒ« å¹»æƒ³ ä½œè€…pid18302514.jpg
https://i.pximg.net/img-original/img/2022/09/21/00/00/18/101372994_p0.jpg,save_here/#ã‚ã‚„ã—ç¥è§£ãç¸èµ· ã‚ã‚„ã—ç¥è§£ãç¸èµ· ä½œè€…pid811927.jpg
https://i.pximg.net/img-original/img/2022/09/21/21/24/01/101389294_p0.jpg,save_here/#ãƒ¡ãƒªãƒ¼ã•ã‚“ è»¢æ ¡ç”Ÿãƒ¡ãƒªãƒ¼ã•ã‚“ã€‚ ä½œè€…pid30998669.jpg
https://i.pximg.net/img-original/img/2022/09/21/05/04/13/101377372_p0.png,save_here/#ã‚ªãƒªã‚¸ãƒŠãƒ« ãƒã‚«ãªå¹¼é¦´æŸ“ ä½œè€…pid36025620.png
https://i.pximg.net/img-original/img/2022/09/20/00/56/36/101353204_p0.jpg,save_here/#è½æ›¸ã no.1784 ã€ ã˜ã‚ƒã‚ã ã€ ä½œè€…pid27384568.jpg
https://i.pximg.net/img-original/img/2022/09/20/17/54/23/101364453_p0.jpg,save_here/#ãƒªã‚³ãƒªã‚³ åŸç”»ï¼šç¬¬12è©±â‘¤ ä½œè€…pid83515809.jpg
https://i.pximg.net/img-original/img/2022/09/20/15/58/28/101362841_p0.jpg,save_here/#ã‚¦ã‚¿(ONEPIECE) ã‚¦ã‚¿ ä½œè€…pid40589627.jpg
https://i.pximg.net/img-original/img/2022/09/20/13/23/41/101361063_p0.jpg,save_here/#å¥³ã®å­ å¯æ† ä½œè€…pid67101736.jpg
https://i.pximg.net/img-original/img/2022/09/20/01/38/00/101354019_p0.png,save_here/#ã‚¹ã‚«ãƒ¼ãƒ•ã‚§ã‚¤ã‚¹ ç„¡é¡Œ ä½œè€…pid44980831.png
https://i.pximg.net/img-original/img/2022/09/20/17/51/53/101364412_p0.jpg,save_here/#ä¾¿åˆ©å±‹æ–è—¤ã•ã‚“ã€ç•°ä¸–ç•Œã«è¡Œã ä¾¿åˆ©å±‹æ–è—¤ã•ã‚“ã€ç•°ä¸–ç•Œã«è¡Œãã€€ç¬¬7ç¯€15è©±ã€ãµãŸã‚Šã®é­”è¡“å£«ã€ ä½œè€…pid789788.jpg
https://i.pximg.net/img-original/img/2022/09/21/12/18/08/101381161_p0.jpg,save_here/#ã‚ªãƒªã‚¸ãƒŠãƒ« ãŠãŠã‹ã¿ã•ã‚“ã«é£Ÿã¹ã‚‰ã‚ŒãŸã„ã€‚ ä½œè€…pid128220.jpg
https://i.pximg.net/img-original/img/2022/09/20/01/21/40/101353715_p0.jpg,save_here/#ã‚ªãƒªã‚¸ãƒŠãƒ« æˆ¦ä¹™å¥³ã¨ã„ãã•ã”ã¨ï¼ã€œå¥³ä¾ç·¨ã€œ ä½œè€…pid15305293.jpg
https://i.pximg.net/img-original/img/2022/09/21/00/24/03/101373810_p0.jpg,save_here/#ã‚ªãƒªã‚¸ãƒŠãƒ« äººç‹¼ã¨å¸è¡€é¬¼ãŒã€‡ã€‡ã€‡ã€‡ã—ãªã„ã¨å‡ºã‚‰ã‚Œãªã„éƒ¨å±‹ã«é–‰ã˜è¾¼ã‚ã‚‰ã‚Œã‚‹è©± ä½œè€…pid7433667.jpg
https://i.pximg.net/img-original/img/2022/09/21/02/58/35/101376373_p0.jpg,save_here/#ãƒªã‚³ãƒªã‚¹ãƒ»ãƒªã‚³ã‚¤ãƒ« ã€ãƒªã‚³ãƒªã‚³ã€‘æé€ ãƒ­ãƒªã¡ã•ãŸã ä½œè€…pid26482007.jpg
https://i.pximg.net/img-original/img/2022/09/21/00/00/10/101372948_p0.jpg,save_here/#ãƒªã‚³ãƒªã‚¹ãƒ»ãƒªã‚³ã‚¤ãƒ« ãƒªã‚³ãƒªã‚³ ä½œè€…pid400684.jpg
https://i.pximg.net/img-original/img/2022/09/21/01/22/30/101375060_p0.jpg,save_here/#ã‚ªãƒªã‚¸ãƒŠãƒ« ãŠã§ã‹ã‘å¤§ã‚¶ãƒ¡ ä½œè€…pid61623963.jpg
https://i.pximg.net/img-original/img/2022/09/20/08/54/04/101358047_p0.png,save_here/#ãƒªã‚³ãƒªã‚¹ãƒ»ãƒªã‚³ã‚¤ãƒ« ã”é£¯ã¾ã ï½ï¼Ÿ ä½œè€…pid6175553.png
https://i.pximg.net/img-original/img/2022/09/21/18/00/54/101385216_p0.jpg,save_here/#ãƒ—ãƒ­ã‚»ã‚« ã‹ãœãŒã¤ã‚ˆã„ã² ä½œè€…pid77915733.jpg
https://i.pximg.net/img-original/img/2022/09/21/01/14/50/101374926_p0.jpg,save_here/#ã‚ªãƒªã‚¸ãƒŠãƒ« å¤©æ­»ã¡ã‚ƒã‚“ ä½œè€…pid8068977.jpg
https://i.pximg.net/img-original/img/2022/09/21/18/28/05/101385659_p0.png,save_here/#ã‚ªãƒªã‚¸ãƒŠãƒ« ã·ã«ã‚ƒ ä½œè€…pid220294.png
https://i.pximg.net/img-original/img/2022/09/21/00/49/21/101374378_p0.jpg,save_here/#è½æ›¸ã no.1785 ã€ ã•ãƒ¼ã‚‚ã‚“ã€ã§ãƒ¼ã‚‚ã‚“ã€ã„ãƒ¼ã‚‚ã‚“ ã€ ä½œè€…pid27384568.jpg
https://i.pximg.net/img-original/img/2022/09/20/17/57/06/101364511_p0.jpg,save_here/#ãƒªã‚³ãƒªã‚³ åŸç”»ï¼šç¬¬12è©±â‘¥ ä½œè€…pid83515809.jpg
https://i.pximg.net/img-original/img/2022/09/21/17/00/01/101384269_p0.jpg,save_here/#ã‚¢ã‚ºãƒ¼ãƒ«ãƒ¬ãƒ¼ãƒ³ ã‚¢ã‚ºãƒ¼ãƒ«ãƒ¬ãƒ¼ãƒ³ ä½œè€…pid6996493.jpg
https://i.pximg.net/img-original/img/2022/09/21/00/03/13/101373202_p0.jpg,save_here/#Fate_GrandOrder åˆ©ä¼‘ã‚¸ãƒ§ãƒ¼ã‚¯ ä½œè€…pid889193.jpg
https://i.pximg.net/img-original/img/2022/09/21/18/13/28/101385415_p0.jpg,save_here/#Fate_GrandOrder æ–°é‚ªé¦¬å°å›½ãƒ»åº ä½œè€…pid8613358.jpg
https://i.pximg.net/img-original/img/2022/09/20/21/52/09/101369515_p0.jpg,save_here/#ãƒ«ãƒ¼ã‚·ãƒ¼(ã‚¨ãƒƒã‚¸ãƒ©ãƒ³ãƒŠãƒ¼ã‚º) ãƒ«ãƒ¼ã‚·ãƒ¼ ä½œè€…pid755764.jpg
https://i.pximg.net/img-original/img/2022/09/21/00/00/05/101372906_p0.jpg,save_here/#ãƒ«ãƒ»ãƒãƒ©ãƒ³(ã‚¢ã‚ºãƒ¼ãƒ«ãƒ¬ãƒ¼ãƒ³) ã—ãŸãŸã‚Šãƒ«ãƒ»ãƒãƒ©ãƒ³ ä½œè€…pid467369.jpg
https://i.pximg.net/img-original/img/2022/09/20/14/23/49/101361771_p0.png,save_here/#å¥³ã®å­ cm ä½œè€…pid13274275.png
https://i.pximg.net/img-original/img/2022/09/20/23/35/11/101372244_p0.jpg,save_here/#ç©º(åŸç¥) The Stars ä½œè€…pid13072125.jpg
https://i.pximg.net/img-original/img/2022/09/21/11/07/11/101380407_p0.jpg,save_here/#å¥³ã®å­ happy birthdayï¼ ä½œè€…pid71334597.jpg
https://i.pximg.net/img-original/img/2022/09/21/12/00/01/101380953_p0.png,save_here/#ã‚ªãƒªã‚¸ãƒŠãƒ« è‡³ç¦ ä½œè€…pid3617446.png
https://i.pximg.net/img-original/img/2022/09/21/20/18/51/101387777_p0.jpg,save_here/#4ã‚³ãƒ ã€å‰µä½œæ¼«ç”»ã€‘åœ°é›·ç³»å¥³å­ã®4ã‚³ãƒ ä½œè€…pid3709233.jpg
https://i.pximg.net/img-original/img/2022/09/20/15/54/11/101362800_p0.jpg,save_here/#ãƒ«ãƒ•ã‚£ ã«ã—ã—ã£ ä½œè€…pid86287270.jpg
https://i.pximg.net/img-original/img/2022/09/21/00/01/01/101373085_p0.jpg,save_here/#ã‚ªãƒªã‚¸ãƒŠãƒ« æ—…é¤¨ã®éƒ¨å±‹ ç…§æ˜ã‚ªãƒ—ã‚·ãƒ§ãƒ³ ä½œè€…pid202175.jpg
https://i.pximg.net/img-original/img/2022/09/20/12/26/11/101360383_p0.jpg,save_here/#åŸç¥ ã€åŸç¥ã€‘ã‚¨ã‚¦ã‚³ãƒ¬ã‚¢ãƒ³ ä½œè€…pid45052220.jpg
https://i.pximg.net/img-original/img/2022/09/20/00/35/39/101352696_p0.png,save_here/#ç”·ã®å­ çŒ«è€³ãƒ¡ã‚¤ãƒ‰ç¾å°‘å¹´ãã‚“ ä½œè€…pid2258616.png
https://i.pximg.net/img-original/img/2022/09/21/00/00/05/101372902_p0.jpg,save_here/#å¥³ã®å­ ç„¡é¡Œ ä½œè€…pid15794689.jpg
https://i.pximg.net/img-original/img/2022/09/20/18/04/32/101364710_p0.png,save_here/#ã‚ªãƒªã‚¸ãƒŠãƒ« ã‚ãŸã‚ãŸ ä½œè€…pid22733898.png
https://i.pximg.net/img-original/img/2022/09/21/19/14/31/101386545_p0.jpg,save_here/#ãƒã‚±ãƒ¢ãƒ³å‰£ç›¾ ãƒã‚±ãƒ¢ãƒ³ã¤ã‚ã¤ã‚â‘¦ ä½œè€…pid11314109.jpg
https://i.pximg.net/img-original/img/2022/09/20/01/15/00/101353584_p0.jpg,save_here/#OC Piano ä½œè€…pid4446354.jpg
https://i.pximg.net/img-original/img/2022/09/21/01/04/08/101374736_p0.jpg,save_here/#ã‚¢ã‚ºãƒ¼ãƒ«ãƒ¬ãƒ¼ãƒ³ b&w ä½œè€…pid19376395.jpg
https://i.pximg.net/img-original/img/2022/09/20/21/07/55/101368330_p0.jpg,save_here/#ãƒ¯ãƒ³ãƒ”ãƒ¼ã‚¹ ã€æœ€è¿‘æã„ãŸãƒ¯ãƒ³ãƒ”çµµã¾ã¨ã‚ã€‘ ä½œè€…pid2147876.jpg
https://i.pximg.net/img-original/img/2022/09/20/02/39/47/101354902_p0.jpg,save_here/#ãŠã£ã±ã„ Ahoyã€œâ™¡ ä½œè€…pid14000684.jpg
https://i.pximg.net/img-original/img/2022/09/20/04/30/01/101355958_p0.png,save_here/#æ±æ–¹Project ã¦ ä½œè€…pid11365815.png
https://i.pximg.net/img-original/img/2022/09/20/03/15/46/101355309_p0.jpg,save_here/#ã‚ªãƒªã‚¸ãƒŠãƒ« maid ä½œè€…pid4655878.jpg
https://i.pximg.net/img-original/img/2022/09/21/00/54/10/101374496_p0.jpg,save_here/#ã‚ªãƒªã‚¸ãƒŠãƒ« ä»Šå¤œã¯æ¥½ã—ã¿ã¾ã—ã‚‡ã†ã­â™¡ ä½œè€…pid19542913.jpg
https://i.pximg.net/img-original/img/2022/09/20/18/03/16/101364674_p0.jpg,save_here/#ã‚ªãƒªã‚¸ãƒŠãƒ« ğŸ–¤ ä½œè€…pid4546023.jpg
https://i.pximg.net/img-original/img/2022/09/20/00/00/30/101351583_p0.png,save_here/#å¥³ã®å­ ğğ®ğ«ğ¬ğ ä½œè€…pid8629982.png
https://i.pximg.net/img-original/img/2022/09/20/16/14/17/101363029_p0.png,save_here/#æ­¦è”µ(ã‚¢ã‚ºãƒ¼ãƒ«ãƒ¬ãƒ¼ãƒ³) Musashi ä½œè€…pid30091333.png
https://i.pximg.net/img-original/img/2022/09/21/00/01/39/101373128_p0.jpg,save_here/#é­”ãŠå¬¢æ§˜ã¯å¥´éš·ã«å •ã¡ã¦ã‚‚ã‚ã‹ã‚‰ã›ã‚‹ é­”ãŠå¬¢æ§˜ã¯å¥´éš·ã«å •ã¡ã¦ã‚‚ã‚ã‹ã‚‰ã›ã‚‹ ç¬¬6è©± ä½œè€…pid46393.jpg
https://i.pximg.net/img-original/img/2022/09/20/19/03/42/101365759_p0.png,save_here/#å¥³ã®å­ ã²ã¨ã²ã‚‰ ä½œè€…pid34883815.png
https://i.pximg.net/img-original/img/2022/09/21/22/58/01/101391540_p0.jpg,save_here/#ã‹ã‚ã‚„ã°ã ç„¡é¡Œ ä½œè€…pid35279138.jpg
https://i.pximg.net/img-original/img/2022/09/21/00/04/39/101373251_p0.png,save_here/#ãƒªã‚³ãƒªã‚¹ãƒ»ãƒªã‚³ã‚¤ãƒ« ãƒãƒ‹ãƒ¼ãƒ†ãƒ¼ãƒ«ãŸããªã¡ã‚ƒã‚“ ä½œè€…pid11211325.png
https://i.pximg.net/img-original/img/2022/09/20/15/58/50/101362846_p0.jpg,save_here/#ã‚¦ã‚¿(ONEPIECE) ã‚»ã‚¯ã‚·ãƒ¼ãªã®ï¼Ÿã‚­ãƒ¥ãƒ¼ãƒˆãªã®ï¼Ÿ ä½œè€…pid86287270.jpg
https://i.pximg.net/img-original/img/2022/09/20/19/47/56/101366555_p0.jpg,save_here/#ã‚ªãƒªã‚¸ãƒŠãƒ« Beef ä½œè€…pid67364455.jpg
https://i.pximg.net/img-original/img/2022/09/21/00/00/08/101372927_p0.jpg,save_here/#Fate_GrandOrder ç…‰ç„ã‚ªãƒ«ã‚¿ ä½œè€…pid10285477.jpg
https://i.pximg.net/img-original/img/2022/09/20/00/00/00/101351427_p0.jpg,save_here/#æœ€è¿‘é›‡ã£ãŸãƒ¡ã‚¤ãƒ‰ãŒæ€ªã—ã„ ğŸ° ä½œè€…pid1076594.jpg
https://i.pximg.net/img-original/img/2022/09/20/21/09/44/101368378_p0.jpg,save_here/#ãƒ–ãƒ«ã‚¢ã‚« ãƒãƒ«ãƒŠ ä½œè€…pid2821983.jpg
https://i.pximg.net/img-original/img/2022/09/20/06/11/50/101356678_ugoira0.jpg,save_here/#ONEPIECE æ€ã„å‡º ä½œè€…pid76017585.jpg
https://i.pximg.net/img-original/img/2022/09/20/00/00/58/101351633_p0.jpg,save_here/#æœˆå§« ã‚·ã‚¨ãƒ«ã¨ã‚¢ãƒ«ã‚¯ã¨èŒ¶é“å®¤ã€æœˆå§«ã€‘ ä½œè€…pid3260036.jpg
https://i.pximg.net/img-original/img/2022/09/21/00/32/20/101374006_p0.jpg,save_here/#ã‚¹ãƒ—ãƒ©ãƒˆã‚¥ãƒ¼ãƒ³3 äº¬å¼ã—ã‚ƒã¹ã‚‹ãƒ•ã‚¦ã‚«ã„ã„ã‚ˆã­ ä½œè€…pid724576.jpg
https://i.pximg.net/img-original/img/2022/09/20/23/51/05/101372644_p0.jpg,save_here/#ãƒ–ãƒ«ãƒ¼ã‚¢ãƒ¼ã‚«ã‚¤ãƒ– ã‚¢ã‚¹ãƒŠ ä½œè€…pid4546023.jpg
https://i.pximg.net/img-original/img/2022/09/20/09/49/25/101358596_p0.png,save_here/#å¥³ã®å­ ğŸ°ğŸ€ ä½œè€…pid667710.png
https://i.pximg.net/img-original/img/2022/09/20/22/30/50/101369851_p0.jpg,save_here/#ç™¾åˆ 19ã®ã‚­ã‚¹ã€Saturdayã€‘ ä½œè€…pid16872619.jpg
https://i.pximg.net/img-original/img/2022/09/20/21/00/24/101368139_p0.png,save_here/#ãƒ—ãƒ­ã‚»ã‚« å¥ã¡ã‚ƒã‚“è©°ã‚åˆã‚ã› ä½œè€…pid66464642.png
https://i.pximg.net/img-original/img/2022/09/21/13/29/36/101381940_p0.jpg,save_here/#ãƒã‚±ãƒ¢ãƒ³ ç„¡é¡Œ ä½œè€…pid57214289.jpg
https://i.pximg.net/img-original/img/2022/09/20/08/00/02/101357575_p0.png,save_here/#åŸç¥ Morax Barbatos ä½œè€…pid24326555.png
https://i.pximg.net/img-original/img/2022/09/21/18/22/35/101385545_p0.jpg,save_here/#ã¾ãµã‚† ã‚¸ã‚§ãƒ©ãƒ”ã‚±ã¾ãµ ä½œè€…pid9155411.jpg
https://i.pximg.net/img-original/img/2022/09/21/06/59/47/101378155_p0.png,save_here/#æ±æ–¹Project ã¦ ä½œè€…pid11365815.png
https://i.pximg.net/img-original/img/2022/09/20/00/00/10/101351475_p0.jpg,save_here/#åŸç¥ é›·é›»å°†è» ä½œè€…pid17740864.jpg
https://i.pximg.net/img-original/img/2022/09/21/00/00/09/101372936_p0.png,save_here/#ã‚ªãƒªã‚¸ãƒŠãƒ« å¤ã®æ—¥å¸¸ ä½œè€…pid2066175.png
https://i.pximg.net/img-original/img/2022/09/20/21/05/39/101368284_p0.jpg,save_here/#Commission Skeb ä½œè€…pid4938312.jpg
https://i.pximg.net/img-original/img/2022/09/21/20/13/00/101387684_p0.png,save_here/#Splatoon ã€ã‚¹ãƒ—ãƒ©ã€‘ãƒã‚¤ãƒˆãƒªãƒ¼ãƒ€ãƒ¼ã¨æ–°äººã®æ¼«ç”» ä½œè€…pid44980831.png
https://i.pximg.net/img-original/img/2022/09/20/12/38/19/101360528_p0.jpg,save_here/#çœ¼é¡ ãƒãƒƒãƒˆã§è¦‹ãŸå¤‰ãªã‚¸ãƒ¼ãƒ³ã‚º ä½œè€…pid35907.jpg
https://i.pximg.net/img-original/img/2022/09/21/17/44/51/101384934_p0.jpg,save_here/#ã‚·ãƒ£ãƒœãƒ³ç‰ ã‚·ãƒŠãƒŸã‚¯ã•ã‚“ ä½œè€…pid40745221.jpg
https://i.pximg.net/img-original/img/2022/09/21/00/05/03/101373249_p0.png,save_here/#ãƒ«ãƒ¼ã‚·ã‚£ ãƒ«ãƒ¼ã‚·ã‚£ ä½œè€…pid2166892.png
https://i.pximg.net/img-original/img/2022/09/21/22/42/31/101391183_p0.jpg,save_here/#ãƒªã‚³ãƒªã‚¹ãƒ»ãƒªã‚³ã‚¤ãƒ« ãƒªã‚³ãƒªã‚¹ãƒ»ãƒªã‚³ã‚¤ãƒ«ã€€ã¾ã¨ã‚ï¼‘ï¼ˆ1è©±ã€œ6è©±ï¼‰ ä½œè€…pid6344950.jpg
https://i.pximg.net/img-original/img/2022/09/20/21/15/07/101368528_p0.jpg,save_here/#ãƒ¬ãƒ™ãƒƒã‚« Rebecca ä½œè€…pid7647251.jpg
https://i.pximg.net/img-original/img/2022/09/20/17/30/51/101364073_p0.png,save_here/#ã‚ªãƒªã‚¸ãƒŠãƒ« ğŸ’€ğŸ±ğŸ•¯ ä½œè€…pid1251665.png
https://i.pximg.net/img-original/img/2022/09/20/00/00/29/101351582_p0.jpg,save_here/#FGO åˆä»£ã¨äºŒä»£ç›® ä½œè€…pid8217051.jpg
https://i.pximg.net/img-original/img/2022/09/21/21/17/37/101389138_p0.jpg,save_here/#ã‚ªãƒªã‚¸ãƒŠãƒ« å¤©ä½¿ ä½œè€…pid2973000.jpg
https://i.pximg.net/img-original/img/2022/09/21/20/00/01/101387399_p0.jpg,save_here/#ã‚ªãƒªã‚¸ãƒŠãƒ« ã€ãŠçŸ¥ã‚‰ã›ã€‘ãƒã‚ºã‚ŠãŸã„ã®ã§ãƒ©ãƒ–ãƒ©ãƒ–ã«ãªã‚Šã¾ã™ã«ã¤ã„ã¦ ä½œè€…pid4333566.jpg
https://i.pximg.net/img-original/img/2022/09/20/01/50/12/101351547_p0.jpg,save_here/#ãƒ›ãƒ­ãƒ©ã‚¤ãƒ– â¤ ä½œè€…pid4077126.jpg
https://i.pximg.net/img-original/img/2022/09/21/00/01/07/101373097_p0.jpg,save_here/#ã‚¢ã‚ºãƒ¼ãƒ«ãƒ¬ãƒ¼ãƒ³ ã‚¢ã‚ºãƒ¬ãƒ³5å‘¨å¹´è¨˜å¿µï¼ ä½œè€…pid27207.jpg
https://i.pximg.net/img-original/img/2022/09/20/20/17/22/101367191_p0.jpg,save_here/#å¼·æ•µ(ã¨ã‚‚) è¿½æ”¾å‹‡è€…å•é¡Œç¬¬äºŒè©±â‘¢ï¼ˆçµ‚ï¼‰ ä½œè€…pid1504297.jpg
https://i.pximg.net/img-original/img/2022/09/20/20/50/06/101367883_p0.jpg,save_here/#Rebecca ä¸½è´å¡ ä½œè€…pid20294802.jpg
https://i.pximg.net/img-original/img/2022/09/21/00/45/20/101374279_p0.png,save_here/#ã‚±ãƒ¢è€³ ğŸ‚ ä½œè€…pid28478367.png
https://i.pximg.net/img-original/img/2022/09/20/22/01/47/101369593_p0.png,save_here/#ä»®é¢ãƒ©ã‚¤ãƒ€ãƒ¼ãƒ‡ã‚£ã‚±ã‚¤ãƒ‰ ä¿ºæ§˜ç³»ä¸»äººå…¬ãƒ©ã‚¤ãƒ€ãƒ¼s ä½œè€…pid59391916.png
https://i.pximg.net/img-original/img/2022/09/20/00/00/37/101351602_p0.jpg,save_here/#å´©å£Š3rd ã‚¨ãƒªã‚·ã‚¢ã€ŒçœŸæˆ‘ãƒ»äººã®å¾‹è€…ã€ ä½œè€…pid4273037.jpg
https://i.pximg.net/img-original/img/2022/09/20/20/12/06/101367087_p0.jpg,save_here/#ã‚¢ã‚ºãƒ¼ãƒ«ãƒ¬ãƒ¼ãƒ³ ãƒ–ãƒ¬ãƒãƒ¼ãƒˆãƒ³ã¨ãƒœãƒ«ãƒãƒ¢ã‚¢ ä½œè€…pid43177.jpg
https://i.pximg.net/img-original/img/2022/09/20/21/23/39/101368741_p0.jpg,save_here/#ãƒ¢ãƒ³ã‚­ãƒ¼ãƒ»Dãƒ»ãƒ«ãƒ•ã‚£ BON VOYAGE! ä½œè€…pid1730542.jpg
https://i.pximg.net/img-original/img/2022/09/20/20/49/43/101367874_p0.jpg,save_here/#FGO åˆ©ä¼‘ã€æ„Ÿæ¿€â€¦ ä½œè€…pid54617092.jpg
https://i.pximg.net/img-original/img/2022/09/21/00/00/23/101373011_p0.png,save_here/#ã‚ªãƒªã‚¸ãƒŠãƒ« ç‡ƒã‚†ã‚‹ç©º ä½œè€…pid17548864.png
https://i.pximg.net/img-original/img/2022/09/20/22/57/51/101371260_p0.jpg,save_here/#ONEPIECE éº¦ã‚ã‚‰ã¨ã‚¿ãƒˆã‚¥ãƒ¼ã¨ã‚¿ãƒã‚³ã¨ãƒ”ã‚¢ã‚¹ ä½œè€…pid76017585.jpg
https://i.pximg.net/img-original/img/2022/09/21/15/47/12/101383409_p0.jpg,save_here/#ã‚ªãƒªã‚¸ãƒŠãƒ« ğŸŒ¹ğŸŒŒğŸ‘‘ ä½œè€…pid64068408.jpg
https://i.pximg.net/img-original/img/2022/09/20/04/15/27/101355838_p0.jpg,save_here/#ã‚ªãƒªã‚¸ãƒŠãƒ« â¤ ä½œè€…pid1422579.jpg
https://i.pximg.net/img-original/img/2022/09/20/21/15/35/101368543_p0.jpg,save_here/#ã‚ªãƒªã‚¸ãƒŠãƒ« ç·ä½œç›£ä¿®æ­£ã¨ãƒ•ã‚¡ã‚¤ãƒŠãƒ«(2)âœ¨ Let You Down MV ä½œè€…pid789222.jpg
https://i.pximg.net/img-original/img/2022/09/20/08/39/55/101357935_p0.jpg,save_here/#å¤è¦‹ã•ã‚“ã¯ã€ã‚³ãƒŸãƒ¥ç—‡ã§ã™ã€‚ Komi å¤è¦‹ç¡å­ ä½œè€…pid15589982.jpg
https://i.pximg.net/img-original/img/2022/09/20/21/31/22/101368947_p0.png,save_here/#ã‚¢ãƒ¼ã‚¯ãƒŠã‚¤ãƒ„ æ˜æ—¥æ–¹èˆŸ ã¾ã¨ã‚ï¼’ ä½œè€…pid243740.png
https://i.pximg.net/img-original/img/2022/09/20/15/53/11/101362788_p0.jpg,save_here/#ã‚·ãƒ£ãƒ³ã‚¯ã‚¹ å¥½ãå‹è²  ä½œè€…pid86287270.jpg
https://i.pximg.net/img-original/img/2022/09/20/00/00/07/101351457_p0.png,save_here/#å¥³ã®å­ HoloCure ä½œè€…pid35466414.png
https://i.pximg.net/img-original/img/2022/09/21/21/09/31/101388939_p0.jpg,save_here/#ONEPIECE ã‚ã‚“ã´log5 ä½œè€…pid4945342.jpg
https://i.pximg.net/img-original/img/2022/09/20/21/59/15/101369700_p0.jpg,save_here/#ãƒ•ã‚¦ã‚«(ã‚¹ãƒ—ãƒ©ãƒˆã‚¥ãƒ¼ãƒ³) æ¨ã—âœ–ï¸æ¨ã— ä½œè€…pid1205602.jpg
https://i.pximg.net/img-original/img/2022/09/21/00/21/13/101373728_p0.jpg,save_here/#ãƒ‡ãƒªã‚·ãƒ£ã‚¹ãƒ‘ãƒ¼ãƒ†ã‚£â™¡ãƒ—ãƒªã‚­ãƒ¥ã‚¢ ã€Œãƒ‡ãƒªã‚·ãƒ£ã‚¹ãƒ•ã‚£ãƒ¼ãƒ«ãƒ‰ãƒ©ã‚¤ãƒã‚¡ãƒ¼ãƒ¼ãƒ¼ãƒƒ!!!ã€ ä½œè€…pid53823.jpg
https://i.pximg.net/img-original/img/2022/09/20/11/11/30/101359401_p0.jpg,save_here/#é»‘æ½®_æ·±æµ·è§‰é†’ ç´„å…‹åŸ ä½œè€…pid20764416.jpg
https://i.pximg.net/img-original/img/2022/09/20/14/15/43/101361651_p0.jpg,save_here/#CyberpunkEdgerunners ç„¡é¡Œ ä½œè€…pid10748940.jpg
https://i.pximg.net/img-original/img/2022/09/20/20/57/59/101368053_p0.png,save_here/#ãƒ—ãƒ­ã‚»ã‚« ãƒ‡ã‚¸ãƒ£ãƒ´ ä½œè€…pid66464642.png
https://i.pximg.net/img-original/img/2022/09/21/16/42/55/101384074_p0.jpg,save_here/#FGO ã€è½æ›¸ãã€‘åƒåˆ©ä¼‘ã‹ã‚ã„ã„ãƒ»ãƒ»ãƒ» ä½œè€…pid32266299.jpg
https://i.pximg.net/img-original/img/2022/09/21/20/27/54/101387986_p0.jpg,save_here/#ãƒªã‚³ãƒªã‚¹ãƒ»ãƒªã‚³ã‚¤ãƒ« ãƒªã‚³ãƒªã‚³è¦³ã¾ã—ãŸ ä½œè€…pid13936907.jpg
https://i.pximg.net/img-original/img/2022/09/21/13/04/14/101381677_p0.jpg,save_here/#æšå±±ç‘å¸Œ ã¾ãµã‚†ï¼‹ç‘å¸Œã¾ã¨ã‚ ä½œè€…pid76052002.jpg
https://i.pximg.net/img-original/img/2022/09/20/18/56/16/101365575_p0.jpg,save_here/#ã«ã˜ã•ã‚“ã˜ ã«ã˜ã•ã‚“ã˜ã€ŒTRAINING GOODSï¼†VOICEã€ã‚¤ãƒ©ã‚¹ãƒˆ ä½œè€…pid456107.jpg
https://i.pximg.net/img-original/img/2022/09/21/00/00/06/101372914_p0.png,save_here/#Fate_GrandOrder FGOæ¦‚å¿µç¤¼è£…ã€Œé»„æ³‰ã‚ˆã‚Šå‡ºã¥ã‚‹è®ã„ã€ ä½œè€…pid37577.png
https://i.pximg.net/img-original/img/2022/09/20/17/15/05/101363816_p0.png,save_here/#ã¨ã‚ã‚‹é­”è¡“ã®ç¦æ›¸ç›®éŒ² ãã® ã¨ ã°ã« ä½œè€…pid164728.png
https://i.pximg.net/img-original/img/2022/09/20/19/03/52/101365761_p0.jpg,save_here/#éŠ€ãƒ†ãƒ³ å‹æƒ…ã‚‚ä¸€æ–¹é€šè¡Œï¼Ÿ ä½œè€…pid10797546.jpg
https://i.pximg.net/img-original/img/2022/09/20/18/39/06/101365291_p0.jpg,save_here/#å¥³ã®å­ åŸç¥Genshinå¥³ä»†å¿ƒæµ· ä½œè€…pid10832431.jpg
https://i.pximg.net/img-original/img/2022/09/20/08/00/02/101357572_p0.jpg,save_here/#åŸç¥ ãƒ‹ã‚£ãƒ­ã‚¦ï¼“ ä½œè€…pid32544133.jpg
https://i.pximg.net/img-original/img/2022/09/21/00/01/23/101373114_p0.jpg,save_here/#ãƒªã‚³ãƒªã‚¹ãƒ»ãƒªã‚³ã‚¤ãƒ« ãƒªã‚³ãƒªã‚¹ğŸ’™ğŸ’˜ ä½œè€…pid43775897.jpg
https://i.pximg.net/img-original/img/2022/09/20/16/29/59/101363209_p0.jpg,save_here/#ONEPIECE ç§ã¯æœ€å¼·ğŸŒŸâœ¨ğŸŒ  ä½œè€…pid44419569.jpg
https://i.pximg.net/img-original/img/2022/09/20/15/57/28/101362830_p0.jpg,save_here/#ã†ã‚‹ãƒ†ã‚£ OPã¾ã¨ã‚ ä½œè€…pid86287270.jpg
https://i.pximg.net/img-original/img/2022/09/20/20/41/20/101367711_p0.jpg,save_here/#ã‚¢ã‚¤ãƒ‰ãƒ«ãƒã‚¹ã‚¿ãƒ¼ã‚·ãƒ£ã‚¤ãƒ‹ãƒ¼ã‚«ãƒ©ãƒ¼ã‚º ã‚®ãƒ£ãƒ«é››èœğŸ’˜ ä½œè€…pid6658848.jpg
https://i.pximg.net/img-original/img/2022/09/21/11/02/15/101380360_p0.png,save_here/#Vtuber â™•.ã€‚oâ—‹ ä½œè€…pid345212.png
https://i.pximg.net/img-original/img/2022/09/21/00/52/36/101374449_p0.png,save_here/#åŸç¥ Xiao Bane of all Evil ä½œè€…pid18649728.png
https://i.pximg.net/img-original/img/2022/09/21/19/59/01/101387375_p0.png,save_here/#4ã‚³ãƒ ä¸€ç·’ã«ãƒ‰ã‚­ãƒ‰ã‚­ã—ã‚ˆã† ãã®2 ä½œè€…pid4128746.png
https://i.pximg.net/img-original/img/2022/09/20/00/00/11/101351486_p0.jpg,save_here/#ãƒ–ãƒ«ãƒ¼ã‚¢ãƒ¼ã‚«ã‚¤ãƒ– ã€ä¸‹æ±Ÿã‚³ãƒãƒ«ã€ ä½œè€…pid11440557.jpg
https://i.pximg.net/img-original/img/2022/09/20/14/19/09/101361715_p0.jpg,save_here/#å¥³ã®å­ è´´è´´ ä½œè€…pid19431671.jpg
https://i.pximg.net/img-original/img/2022/09/20/00/13/21/101352058_p0.png,save_here/#å´©å£Š3rd ğŸ¡ ä½œè€…pid3159439.png
https://i.pximg.net/img-original/img/2022/09/21/17/07/43/101384376_p0.jpg,save_here/#æº€æœˆ ğŸŒ• ä½œè€…pid40892156.jpg
https://i.pximg.net/img-original/img/2022/09/21/07/50/44/101378548_p0.png,save_here/#ONEPIECE ãƒšãƒ­ãƒ¼ãƒŠã€€ï¼” ä½œè€…pid32136645.png
https://i.pximg.net/img-original/img/2022/09/20/00/06/36/101351839_p0.jpg,save_here/#åŸç¥ ç«¶æ³³æ°´ç€ç”˜é›¨ã¡ã‚ƒã‚“ ä½œè€…pid20953077.jpg
https://i.pximg.net/img-original/img/2022/09/20/16/17/01/101363074_p0.jpg,save_here/#ã‚¢ã‚ºãƒ¼ãƒ«ãƒ¬ãƒ¼ãƒ³ 5th ä½œè€…pid1287983.jpg
https://i.pximg.net/img-original/img/2022/09/20/02/28/10/101354766_p0.png,save_here/#ç™¾åˆ ã‚¢ã‚¯ã‚¢ãƒªã‚¦ãƒ ã®æ‹äºº ä½œè€…pid3250981.png
https://i.pximg.net/img-original/img/2022/09/21/18/47/47/101386032_p0.jpg,save_here/#ã‚ªãƒªã‚¸ãƒŠãƒ« ã€å‰µä½œã€‘ç™¾åˆã¾ã¨ã‚â‘¡ ä½œè€…pid1611377.jpg
https://i.pximg.net/img-original/img/2022/09/20/23/25/22/101371977_p0.jpg,save_here/#ã‚ªãƒªã‚¸ãƒŠãƒ« ç™¾åˆã¾ã¨ã‚10 ä½œè€…pid12818930.jpg
https://i.pximg.net/img-original/img/2022/09/21/20/24/50/101387917_p0.jpg,save_here/#ONEPIECE å››çš‡ ä½œè€…pid54809129.jpg
https://i.pximg.net/img-original/img/2022/09/20/21/09/43/101368377_p0.png,save_here/#ãƒšãƒ«ã‚½ãƒŠ5 P5å†éŒ²æœ¬æãä¸‹ã‚ã—ï¼“ç·¨webå†éŒ²ï¼‹è¿‘æ³ã¨ã‹ ä½œè€…pid24450382.png
https://i.pximg.net/img-original/img/2022/09/21/19/02/22/101386311_p0.png,save_here/#ã‚ªãƒªã‚¸ãƒŠãƒ« ã€å‰µä½œæ¼«ç”»ã€‘ åŒå±…äººã«ç‰‡æ€ã„ã—ã¦ãŸç™¾åˆâœ¿30 ä½œè€…pid8994933.png
https://i.pximg.net/img-original/img/2022/09/20/22/19/14/101370239_p0.jpg,save_here/#å°‘å¥³ â€» ä½œè€…pid11331346.jpg
https://i.pximg.net/img-original/img/2022/09/21/14/36/01/101382676_p0.jpg,save_here/#ã™ã‚Šã¿é€£åˆ ã€ŒãŠã§ã¾ã—ã˜ã‚ƒã€œâœ¨ã€ ä½œè€…pid2198700.jpg
https://i.pximg.net/img-original/img/2022/09/21/00/00/07/101372922_p0.png,save_here/#å¥³ã®å­ ë¬´ì œ ä½œè€…pid51576208.png
https://i.pximg.net/img-original/img/2022/09/20/17/28/18/101364031_p0.jpg,save_here/#æ˜æ—¥æ–¹èˆŸ è½æ›¸ã9 ä½œè€…pid26744436.jpg
https://i.pximg.net/img-original/img/2022/09/21/13/52/14/101382177_p0.jpg,save_here/#äººæ¸£åæ´¾è‡ªæ•‘ç³»ç»Ÿ Happy Birthday ä½œè€…pid1004274.jpg
https://i.pximg.net/img-original/img/2022/09/20/01/09/06/101353478_p0.jpg,save_here/#åŸç¥ ç”˜é›¨ ä½œè€…pid17185924.jpg
https://i.pximg.net/img-original/img/2022/09/20/17/53/39/101364438_p0.jpg,save_here/#ãƒªã‚³ãƒªã‚³ åŸç”»ï¼šç¬¬12è©±â‘£ ä½œè€…pid83515809.jpg
https://i.pximg.net/img-original/img/2022/09/21/00/49/45/101374383_p0.png,save_here/#ãƒªã‚³ãƒªã‚¹ãƒ»ãƒªã‚³ã‚¤ãƒ« å¯ã‚‹æ™‚ï¼ï¼ï¼è„±ã’ï¼è„±ã’ï¼ ä½œè€…pid12668779.png
https://i.pximg.net/img-original/img/2022/09/20/16/51/12/101363457_p0.jpg,save_here/#å¥³ã®å­ è²æ¯”èŠ±å« ä½œè€…pid17961405.jpg
https://i.pximg.net/img-original/img/2022/09/21/00/10/36/101373440_p0.jpg,save_here/#ãƒªã‚³ãƒªã‚¹ãƒ»ãƒªã‚³ã‚¤ãƒ« ã¡ã•ãŸã ä½œè€…pid68084984.jpg
https://i.pximg.net/img-original/img/2022/09/20/14/28/04/101361815_p0.png,save_here/#ãƒãƒ¼ãƒãƒ£ãƒ«YouTuber ç…§ã‚Œéš ã—ãã‚Œã¦ãªã„é»’ã¡ã‚ƒã‚“ ä½œè€…pid16668308.png
https://i.pximg.net/img-original/img/2022/09/20/18/00/04/101364594_p0.png,save_here/#ã‚¦ã‚§ãƒ‡ã‚£ãƒ³ã‚°ãƒ‰ãƒ¬ã‚¹ é›·é›»å°†è» ä½œè€…pid30696273.png
https://i.pximg.net/img-original/img/2022/09/21/19/22/33/101386701_p0.jpg,save_here/#ã‚¢ã‚ºãƒ¼ãƒ«ãƒ¬ãƒ¼ãƒ³ â™« ä½œè€…pid1287983.jpg
https://i.pximg.net/img-original/img/2022/09/21/21/12/58/101389023_p0.jpg,save_here/#å¥³ã®å­ â˜† ä½œè€…pid8968.jpg
https://i.pximg.net/img-original/img/2022/09/21/00/06/09/101373309_p0.jpg,save_here/#ã‚¢ã‚ºãƒ¼ãƒ«ãƒ¬ãƒ¼ãƒ³ ã‚¢ã‚ºãƒ¬ãƒ³5å‘¨å¹´!!!!! ä½œè€…pid63652.jpg
https://i.pximg.net/img-original/img/2022/09/21/19/46/26/101387126_p0.jpg,save_here/#ã‚¢ã‚ºãƒ¼ãƒ«ãƒ¬ãƒ¼ãƒ³ ã‚¢ã‚ºãƒ¬ãƒ³5thè¨˜å¿µã‚¤ãƒ©ã‚¹ãƒˆ ä½œè€…pid9169975.jpg
https://i.pximg.net/img-original/img/2022/09/20/22/58/29/101371277_p0.jpg,save_here/#ã‚µãƒãƒ¼ã‚¿ã‚¤ãƒ ãƒ¬ãƒ³ãƒ€ æ— é¢˜ ä½œè€…pid30661128.jpg
https://i.pximg.net/img-original/img/2022/09/21/01/07/00/101374789_p0.png,save_here/#ã‚¿ãƒ¯ãƒ¼ ç„¡é¡Œ ä½œè€…pid44980831.png
https://i.pximg.net/img-original/img/2022/09/20/00/01/07/101351642_p0.png,save_here/#ã‚ªãƒªã‚¸ãƒŠãƒ« ã‚ã‚‹æ—¥å¥³ã«ãªã£ã¦ã—ã¾ã£ãŸè¦ªå‹ãŒå¹¸ã›ã«ãªã‚‹ã¾ã§ã®è©±â‘¨ ä½œè€…pid22970036.png
https://i.pximg.net/img-original/img/2022/09/20/21/32/18/101368974_p0.jpg,save_here/#ARMSNOTE ãƒ•ã‚£ã‚®ãƒ¥ã‚¢å†è²©ã¨æ–°è‰²è¿½åŠ ï¼ ä½œè€…pid43177.jpg
https://i.pximg.net/img-original/img/2022/09/20/14/11/16/101361614_p0.jpg,save_here/#ã‚¦ãƒå¨˜ãƒ—ãƒªãƒ†ã‚£ãƒ¼ãƒ€ãƒ¼ãƒ“ãƒ¼ å°å€‰ã‚ã‚“ãƒ‘ãƒ³ã‚±ãƒ¼ã‚­ã‚’é£Ÿã¹ã« ä½œè€…pid219922.jpg
https://i.pximg.net/img-original/img/2022/09/20/00/00/16/101351526_p0.jpg,save_here/#å´©å£Š3rd DAY50 çº¯çœŸæ¢¦æ­Œ ä½œè€…pid15611520.jpg
https://i.pximg.net/img-original/img/2022/09/21/00/00/01/101372885_p0.jpg,save_here/#æœ€è¿‘é›‡ã£ãŸãƒ¡ã‚¤ãƒ‰ãŒæ€ªã—ã„ ãŠãã‚ã„ãƒ¡ã‚¤ãƒ‰ ä½œè€…pid1076594.jpg
https://i.pximg.net/img-original/img/2022/09/20/22/07/19/101369928_p0.jpg,save_here/#æ±æ–¹ ä¼‘ã‚€ãµã‚‚ãƒãƒ«ãƒ ä½œè€…pid49675420.jpg
https://i.pximg.net/img-original/img/2022/09/21/10/20/46/101379950_p0.jpg,save_here/#ã‚«ã‚²ãƒ—ãƒ­ ï½±ï½²ï¾„ï¾ï¾™Ã—ï½¦ï¾€ï½¸ ä½œè€…pid53427081.jpg
https://i.pximg.net/img-original/img/2022/09/20/00/00/13/101351501_p0.png,save_here/#ã‚¹ãƒ‘ã‚¤ãƒ•ã‚¡ãƒŸãƒªãƒ¼ Yor ä½œè€…pid53416824.png
https://i.pximg.net/img-original/img/2022/09/20/12/03/35/101360074_p0.jpg,save_here/#ãŠã£ã±ã„ å©¦é•·ã•ã‚“ã®ä¹³ã¯ã„ãã‚‰ã§ã‚‚å¤§ããã—ã¦ã„ã„çµµ ä½œè€…pid30563163.jpg
https://i.pximg.net/img-original/img/2022/09/21/08/25/30/101378857_p0.png,save_here/#ãƒã‚±ãƒ¢ãƒ³Ã—ãƒã‚±ãƒ¢ãƒ³ ã€ã‚¼ãƒ©ã‚¨ã‚¹ã€‘ã‘ã‚‚ã‚±12æ–°åˆŠã®ãŠçŸ¥ã‚‰ã› ä½œè€…pid9309824.png
https://i.pximg.net/img-original/img/2022/09/20/09/48/32/101358589_p0.jpg,save_here/#å†™çœŸ è…¿éƒ¨é»‘ä¸ç»ƒä¹ 8 ä½œè€…pid17557284.jpg
https://i.pximg.net/img-original/img/2022/09/21/23/38/43/101392554_p0.png,save_here/#ã‚ªãƒªã‚¸ãƒŠãƒ« ç„¡é¡Œ ä½œè€…pid27631291.png
https://i.pximg.net/img-original/img/2022/09/20/19/23/40/101366138_p0.jpg,save_here/#äºŒå‰µ EP12ã“ã¼ã‚Œè©±  æ’®å½±ã®äº‹å‰æº–å‚™ ä½œè€…pid5833213.jpg
https://i.pximg.net/img-original/img/2022/09/20/18/14/06/101364864_p0.png,save_here/#ã‚ªãƒªã‚¸ãƒŠãƒ« ã­ã“ ä½œè€…pid18815611.png
https://i.pximg.net/img-original/img/2022/09/21/14/38/12/101382692_p0.jpg,save_here/#OC ãƒªã‚¯ã‚¨ã‚¹ãƒˆâ™¡ ä½œè€…pid9216952.jpg
https://i.pximg.net/img-original/img/2022/09/21/19/05/14/101386369_p0.jpg,save_here/#FGO æ­¦è”µã¨é‚ªãƒ³ãƒŒã®å…±é—˜ ä½œè€…pid6580803.jpg
https://i.pximg.net/img-original/img/2022/09/21/14/14/14/101382412_p0.jpg,save_here/#ã‚¢ã‚ºãƒ¼ãƒ«ãƒ¬ãƒ¼ãƒ³ ã‚¢ã‚ºãƒ¬ãƒ³ï¼•å‘¨å¹´è¨˜å¿µ ä½œè€…pid923597.jpg
https://i.pximg.net/img-original/img/2022/09/21/20/48/53/101388422_p0.png,save_here/#ã‚ªãƒªã‚¸ãƒŠãƒ« Twitter pawoo çºã‚2022ä½œè€…pid2342360.png
https://i.pximg.net/img-original/img/2022/09/21/17/43/38/101384908_p0.png,save_here/#ãƒ­ãƒª ã‚‹ã‚‹ã©ã‚‰ã„ãŠã‚“ ä½œè€…pid31133701.png
https://i.pximg.net/img-original/img/2022/09/20/18/43/03/101365355_p0.png,save_here/#Fate_GrandOrder åƒåˆ©ä¼‘ ä½œè€…pid54881949.png
https://i.pximg.net/img-original/img/2022/09/20/04/26/05/101355924_p0.png,save_here/#ãƒ¯ãƒ³ãƒ”ãƒ¼ã‚¹ ã€Œå¥½ãã€ã®æ„å‘³ ä½œè€…pid28427757.png
https://i.pximg.net/img-original/img/2022/09/21/19/47/05/101387137_p0.png,save_here/#å°‘å¥³ å¿«ä¹æ‘¸é±¼1 ä½œè€…pid5662397.png
https://i.pximg.net/img-original/img/2022/09/20/00/00/10/101351478_p0.jpg,save_here/#å°‘å¥³ â˜… ä½œè€…pid5161399.jpg
https://i.pximg.net/img-original/img/2022/09/20/21/58/41/101369683_p0.jpg,save_here/#ãƒ­ã‚¤ãƒ¨ãƒ« 68è©±ã®ä»‹æŠ±å¦„æƒ³ãƒã‚¿ ä½œè€…pid4170060.jpg
https://i.pximg.net/img-original/img/2022/09/21/00/00/19/101372997_p0.jpg,save_here/#é é‡å¿—è²´ ã‚¢ãƒ«ã‚¯ã‚§ã‚¤ãƒ‰ã®æ¥½ã—ã„åƒå¹´åŸå»ºç¯‰ã€æœˆå§«ã€‘ ä½œè€…pid3260036.jpg
https://i.pximg.net/img-original/img/2022/09/20/23/34/43/101372235_p0.png,save_here/#æ¸¡è¾ºæ›œ æ¸¡è¾ºæ›œ ä½œè€…pid27631291.png
https://i.pximg.net/img-original/img/2022/09/21/02/28/46/101376046_p0.png,save_here/#ãƒªã‚³ãƒªã‚¹ãƒ»ãƒªã‚³ã‚¤ãƒ« ãŸããªÃ—åƒæŸ ä½œè€…pid28232094.png
https://i.pximg.net/img-original/img/2022/09/21/20/12/32/101387677_p0.jpg,save_here/#åŸç¥ 17äººç›®ã€ãƒ†ã‚£ãƒŠãƒª ä½œè€…pid10388267.jpg
https://i.pximg.net/img-original/img/2022/09/20/00/00/09/101351466_p0.png,save_here/#ãƒ›ãƒ­ãƒ©ã‚¤ãƒ– same ä½œè€…pid5721418.png
https://i.pximg.net/img-original/img/2022/09/21/22/47/07/101391284_p0.jpg,save_here/#VOCALOID Miku ä½œè€…pid10899738.jpg
https://i.pximg.net/img-original/img/2022/09/20/17/25/07/101363978_p0.png,save_here/#å¤©éŸ³ã‹ãªãŸ å§«ã¨é‡ç£ ä½œè€…pid4577.png
https://i.pximg.net/img-original/img/2022/09/20/14/09/14/101361597_p0.jpg,save_here/#å¥³ã®å­ commission ä½œè€…pid5332956.jpg
https://i.pximg.net/img-original/img/2022/09/20/17/00/10/101363586_p0.jpg,save_here/#æ˜æ—¥æ–¹èˆŸ è½æ›¸ã9.5 ä½œè€…pid26744436.jpg
https://i.pximg.net/img-original/img/2022/09/21/01/00/05/101374641_p0.png,save_here/#ã‚ªãƒªã‚¸ãƒŠãƒ« èµ¤ã„è–”è–‡ã¨ ä½œè€…pid1645252.png
https://i.pximg.net/img-original/img/2022/09/21/00/09/17/101373397_p0.png,save_here/#å¥³ã®å­ äº•ãƒä¸ŠãŸãã«ã‚ƒã‚“ ä½œè€…pid37889769.png
https://i.pximg.net/img-original/img/2022/09/20/14/11/52/101361618_p0.jpg,save_here/#ã‚¢ã‚ºãƒ¼ãƒ«ãƒ¬ãƒ¼ãƒ³ Passionate Lounge ä½œè€…pid69709081.jpg
https://i.pximg.net/img-original/img/2022/09/21/08/00/02/101378628_p0.jpg,save_here/#Fate_GrandOrder ãƒ¢ãƒ¼ãƒ‰ãƒ¬ãƒƒãƒ‰ã®ãƒ‘ãƒ¼ãƒ†ã‚£ãƒ‰ãƒ¬ã‚¹ ä½œè€…pid1583918.jpg
https://i.pximg.net/img-original/img/2022/09/20/19/36/28/101366365_p0.jpg,save_here/#ã‚ªãƒªã‚¸ãƒŠãƒ« ãã‚ƒã‚‹ã´ãƒ¼ã™ ä½œè€…pid5218812.jpg
https://i.pximg.net/img-original/img/2022/09/21/22/24/21/101390777_p0.jpg,save_here/#ãƒ–ãƒ«ãƒ¼ã‚¢ãƒ¼ã‚«ã‚¤ãƒ– ä¸¡é¢ä¸–ç•Œ ä½œè€…pid66025523.jpg
https://i.pximg.net/img-original/img/2022/09/20/19/51/04/101366616_p0.jpg,save_here/#ã‚ªãƒªã‚¸ãƒŠãƒ« ã˜ãƒ¼... ä½œè€…pid50549015.jpg
https://i.pximg.net/img-original/img/2022/09/21/18/20/49/101385516_p0.png,save_here/#åŸç¥ ã€æ˜Ÿã¨æ·±æ·µã®è¶…ãƒ†ã‚¤ãƒ¯ãƒƒãƒˆç¥­6ã€‘ã‚‰ããƒ©ãã€ã‚µãƒ³ãƒ—ãƒ«ã€‘ ä½œè€…pid22733898.png
https://i.pximg.net/img-original/img/2022/09/20/21/10/58/101368416_p0.jpg,save_here/#ãƒœã‚«ãƒ­ ã€åˆéŸ³ãƒŸã‚¯ã€‘ã¾ã™ãŸï½ï¼ã¿ã¦ãã ã•ã„ï¼ ä½œè€…pid2293577.jpg
https://i.pximg.net/img-original/img/2022/09/20/12/54/06/101360715_p0.jpg,save_here/#ãƒ•ã‚« ç¬¦åâ—è¯†ä¹‹å¾‹è€… ä½œè€…pid33611048.jpg
https://i.pximg.net/img-original/img/2022/09/21/17/49/38/101385011_p0.jpg,save_here/#BlueArchive Untitled ä½œè€…pid7040672.jpg
https://i.pximg.net/img-original/img/2022/09/20/21/57/45/101369665_p0.jpg,save_here/#ã‚ªãƒªã‚¸ãƒŠãƒ« ãŠã—ã‚Š ä½œè€…pid6437284.jpg
https://i.pximg.net/img-original/img/2022/09/22/04/14/26/101390884_p0.jpg,save_here/#F_L ãƒ‡ãƒ¼ãƒˆ ä½œè€…pid59375709.jpg
https://i.pximg.net/img-original/img/2022/09/20/00/55/48/101353182_p0.png,save_here/#ã‚¦ãƒå¨˜ãƒ—ãƒªãƒ†ã‚£ãƒ¼ãƒ€ãƒ¼ãƒ“ãƒ¼ ã©ã†ã¶ã¤ã‚¯ãƒƒã‚­ãƒ¼ãŸã¹ã£ã“ã®è©± ä½œè€…pid334734.png
https://i.pximg.net/img-original/img/2022/09/20/02/59/44/101355132_p0.jpg,save_here/#æ°´ç€ ã€Œé£²ã‚€ï¼Ÿã€ ä½œè€…pid12212301.jpg
https://i.pximg.net/img-original/img/2022/09/21/13/48/44/101382126_p0.jpg,save_here/#å¥³ã®å­ ä¸€æ¯ã¤ãèµ¤ç¹”å…ˆè¼© ä½œè€…pid325475.jpg
https://i.pximg.net/img-original/img/2022/09/20/19/40/57/101366447_p0.jpg,save_here/#å¥³ã®å­ é­”ç‰© ä½œè€…pid12950989.jpg
https://i.pximg.net/img-original/img/2022/09/20/20/34/43/101367543_p0.png,save_here/#ã‚ªãƒªã‚¸ãƒŠãƒ« ç„¼è‚‰ã‚³ãƒ³ãƒ­æ–™ç†åº— ä½œè€…pid22824579.png
https://i.pximg.net/img-original/img/2022/09/20/00/00/12/101351490_p0.jpg,save_here/#ãŠã£ã±ã„ Big oppai ä½œè€…pid30259663.jpg
https://i.pximg.net/img-original/img/2022/09/20/19/48/51/101366573_p0.png,save_here/#ã‚¢ãƒ¼ã‚¯ãƒŠã‚¤ãƒ„ æ¾„é—ª ä½œè€…pid28480895.png
https://i.pximg.net/img-original/img/2022/09/21/18/28/29/101385667_p0.jpg,save_here/#ã‚µã‚¤ãƒãƒ¼ãƒ‘ãƒ³ã‚¯ Rebecca ä½œè€…pid4346254.jpg
https://i.pximg.net/img-original/img/2022/09/21/08/05/24/101374633_p0.jpg,save_here/#ã‚¢ã‚ºãƒ¼ãƒ«ãƒ¬ãƒ¼ãƒ³ æ°´æœˆ ä½œè€…pid23026874.jpg
https://i.pximg.net/img-original/img/2022/09/20/01/21/07/101353701_p0.png,save_here/#ãƒŠãƒ’ãƒ¼ãƒ€ ãƒŠãƒ’ãƒ¼ãƒ€ ä½œè€…pid24524514.png
https://i.pximg.net/img-original/img/2022/09/21/07/05/32/101378221_p0.jpg,save_here/#å‰µä½œ 9_21 ä½œè€…pid5745995.jpg
https://i.pximg.net/img-original/img/2022/09/21/00/00/16/101372977_p0.png,save_here/#å¥³ã®å­ åˆã‚ã¦ã®å‡ºä¼šã„ ä½œè€…pid59606095.png
https://i.pximg.net/img-original/img/2022/09/20/14/46/31/101362042_p0.png,save_here/#girl â˜… ä½œè€…pid16273440.png
https://i.pximg.net/img-original/img/2022/09/21/18/18/15/101385489_p0.jpg,save_here/#é­…æƒ‘ã®è°·é–“ æ­¦è— ä½œè€…pid14515491.jpg
https://i.pximg.net/img-original/img/2022/09/20/10/17/09/101358859_p0.jpg,save_here/#å¥³ã®å­ Guns Undarkness Portraits ä½œè€…pid789222.jpg
https://i.pximg.net/img-original/img/2022/09/21/00/03/46/101373220_p0.png,save_here/#å‰µä½œç™¾åˆ ã€å‰µä½œç™¾åˆã€‘ã‚®ãƒ£ãƒ«ãŒå„ªç­‰ç”Ÿã«å‘Šç™½ã—ã‚ˆã†ã¨ã—ã¦ã‚‹ 2 ä½œè€…pid72319203.png
https://i.pximg.net/img-original/img/2022/09/20/11/37/16/101359714_p0.jpg,save_here/#123 123 ä½œè€…pid52884.jpg
https://i.pximg.net/img-original/img/2022/09/20/22/44/16/101370914_p0.jpg,save_here/#ãƒŠãƒ’ãƒ¼ãƒ€ ğŸŒ±ãªã²ğŸŒ± ä½œè€…pid43458938.jpg
https://i.pximg.net/img-original/img/2022/09/21/00/00/31/101373033_p0.jpg,save_here/#é¢¨æ™¯ å¯„ç”Ÿ ä½œè€…pid9790122.jpg
https://i.pximg.net/img-original/img/2022/09/20/23/41/48/101372404_p0.jpg,save_here/#illustration red ribbon ä½œè€…pid12355624.jpg
https://i.pximg.net/img-original/img/2022/09/21/20/24/29/101387911_p0.png,save_here/#ãƒ–ãƒ«ãƒ¼ã‚¢ãƒ¼ã‚«ã‚¤ãƒ– ã‚³ã‚³ãƒŠ ä½œè€…pid217306.png
https://i.pximg.net/img-original/img/2022/09/21/00/00/17/101372983_p0.png,save_here/#ã‚ªãƒªã‚¸ãƒŠãƒ« æ¿¡ã‚Œé€ã‘JK ä½œè€…pid7375118.png
https://i.pximg.net/img-original/img/2022/09/21/00/00/09/101372941_p0.jpg,save_here/#Fate_GrandOrder æš‘ã„â€¦ï¼ ä½œè€…pid2203048.jpg
https://i.pximg.net/img-original/img/2022/09/21/00/00/05/101372903_p0.png,save_here/#ãƒ¯ãƒ³ãƒ”ãƒ¼ã‚¹ ç´…ç™½ ä½œè€…pid46935583.png
https://i.pximg.net/img-original/img/2022/09/20/20/39/25/101367449_p0.jpg,save_here/#ã‚ªãƒªã‚¸ãƒŠãƒ« ä½œè€…pid9322526.jpg
https://i.pximg.net/img-original/img/2022/09/20/01/58/29/101354333_ugoira0.jpg,save_here/#åŸç¥ ãƒ©ã‚¤ãƒ‡ã‚£ãƒ³ã‚°ãƒ‡ãƒ¥ã‚¨ãƒ«ï¼ ä½œè€…pid16274829.jpg
https://i.pximg.net/img-original/img/2022/09/21/02/33/45/101376107_p0.jpg,save_here/#ã‚¢ã‚ºãƒ¼ãƒ«ãƒ¬ãƒ¼ãƒ³ ã‚¢ã‚ºãƒ¼ãƒ«ãƒ¬ãƒ¼ãƒ³ 5å‘¨å¹´ ä½œè€…pid1566647.jpg
https://i.pximg.net/img-original/img/2022/09/21/12/08/59/101381072_p0.jpg,save_here/#ãˆã‚€ãµã˜ã‚“ å¦»ã®ãŸã‚ã«ã¯æ‰‹æ®µã¨ã‹ç›®çš„åœ°ã‚‚é¸ã°ãªã„å¤«ã®è©±â‘¡ ã“ã“ã¯ã™ã”ã„æ‰€ã‚„ã§ ä½œè€…pid21529659.jpg
https://i.pximg.net/img-original/img/2022/09/20/00/00/17/101351531_p0.png,save_here/#åŸç¥ åˆ»æ™´ ä½œè€…pid12143565.png
https://i.pximg.net/img-original/img/2022/09/21/17/27/52/101384654_p0.jpg,save_here/#ã‚«ãƒ¼ãƒ“ã‚£ åå¤å±‹é£¯ ä½œè€…pid11254758.jpg
https://i.pximg.net/img-original/img/2022/09/21/02/38/14/101376167_p0.jpg,save_here/#cyberpunk ã€cyberpunk edgerunnersã€‘ ä½œè€…pid52821.jpg
https://i.pximg.net/img-original/img/2022/09/22/13/45/13/101363914_p0.jpg,save_here/#è™¹ãƒ¶å’²å­¦åœ’ã‚¹ã‚¯ãƒ¼ãƒ«ã‚¢ã‚¤ãƒ‰ãƒ«åŒå¥½ä¼š ã‚¨ãƒã¡ã‚ƒã‚“ ä½œè€…pid9563241.jpg
https://i.pximg.net/img-original/img/2022/09/20/17/58/44/101364542_p0.jpg,save_here/#ç™½ä¸Šãƒ•ãƒ–ã‚­ ç™½ä¸Šãƒ•ãƒ–ã‚­ ä½œè€…pid6567678.jpg
https://i.pximg.net/img-original/img/2022/09/21/11/47/20/101380804_p0.jpg,save_here/#hololive holoID03 ä½œè€…pid13072125.jpg
https://i.pximg.net/img-original/img/2022/09/21/12/57/48/101381587_p0.png,save_here/#å¥³ã®å­ äººè®¾D ä½œè€…pid652249.png
https://i.pximg.net/img-original/img/2022/09/21/00/00/18/101372990_p0.jpg,save_here/#Fate_GrandOrder ã€Œä¸»ã€èµ·ãã¦ã€‚â€¦ã ã‚ï¼Ÿã€ ä½œè€…pid58953750.jpg
https://i.pximg.net/img-original/img/2022/09/21/03/41/10/101376765_p0.jpg,save_here/#ã‚¿ãƒã‚¶ãƒ©ã‚· skebã”ä¾é ¼çµµ ä½œè€…pid31261780.jpg
https://i.pximg.net/img-original/img/2022/09/20/00/01/36/101351660_p0.jpg,save_here/#åŸç¥ _D ä½œè€…pid23202343.jpg
https://i.pximg.net/img-original/img/2022/09/21/17/46/30/101384966_p0.jpg,save_here/#JK ãã†ï¼Ÿ ä½œè€…pid1017056.jpg
https://i.pximg.net/img-original/img/2022/09/20/21/10/25/101368401_p0.png,save_here/#ãƒ«ãƒ¼ã‚·ãƒ¼(ã‚µã‚¤ãƒãƒ¼ãƒ‘ãƒ³ã‚¯_ã‚¨ãƒƒã‚¸ãƒ©ãƒ³ãƒŠãƒ¼ã‚º) ãƒ«ãƒ¼ã‚·ãƒ¼(ã‚µã‚¤ãƒãƒ¼ãƒ‘ãƒ³ã‚¯_ã‚¨ãƒƒã‚¸ãƒ©ãƒ³ãƒŠãƒ¼ã‚º) ä½œè€…pid86294479.png
https://i.pximg.net/img-original/img/2022/09/21/08/34/10/101378947_p0.jpg,save_here/#ãƒªã‚³ãƒªã‚³ åƒæŸã¨ãŸããª ä½œè€…pid33784430.jpg
https://i.pximg.net/img-original/img/2022/09/21/01/04/25/101374743_p0.jpg,save_here/#ãƒªã‚³ãƒªã‚¹ãƒ»ãƒªã‚³ã‚¤ãƒ« growing up ä½œè€…pid30978325.jpg
https://i.pximg.net/img-original/img/2022/09/21/10/17/13/101379924_p0.jpg,save_here/#åŸç¥ ã‚³ãƒ©ãƒœèƒ¡æ¡ƒã¡ã‚ƒã‚“ ä½œè€…pid52373163.jpg
https://i.pximg.net/img-original/img/2022/09/21/00/25/31/101373841_p0.jpg,save_here/#ãƒãƒ¤ãƒ•ãƒ¬ Î”ãƒ­ã‚°ï¼ˆã»ã¼ãƒãƒ¤ãƒ•ãƒ¬ï¼‰ ä½œè€…pid1171103.jpg
https://i.pximg.net/img-original/img/2022/09/20/21/35/01/101369051_p0.jpg,save_here/#ã‚ªãƒªã‚¸ãƒŠãƒ« ãƒãƒ‹ãƒ¼ ä½œè€…pid2243289.jpg
https://i.pximg.net/img-original/img/2022/09/20/23/55/44/101372773_p0.jpg,save_here/#ã‚ªãƒªã‚­ãƒ£ãƒ© fishnet outfit ä½œè€…pid33591988.jpg
https://i.pximg.net/img-original/img/2022/09/21/00/16/33/101373588_p0.jpg,save_here/#ãƒ«ãƒ»ãƒãƒ©ãƒ³(ã‚¢ã‚ºãƒ¼ãƒ«ãƒ¬ãƒ¼ãƒ³) ãƒ«ãƒ»ãƒãƒ©ãƒ³ ä½œè€…pid7047331.jpg
https://i.pximg.net/img-original/img/2022/09/21/10/42/43/101380178_p0.jpg,save_here/#éš»ç‹¼ éš»ç‹¼(2) ä½œè€…pid15659289.jpg
https://i.pximg.net/img-original/img/2022/09/21/17/22/15/101384569_p0.jpg,save_here/#ãƒ–ãƒ«ãƒ¼ã‚¢ãƒ¼ã‚«ã‚¤ãƒ– ã‚«ã‚ºã‚µ ä½œè€…pid31715383.jpg
https://i.pximg.net/img-original/img/2022/09/20/14/46/39/101362043_p0.jpg,save_here/#æ—¥è¨˜ å°¿å¤ªçƒè³Šå­ã®ã»ãŒã‚‰ã‹æ—¥è¨˜ ä½œè€…pid2733370.jpg
https://i.pximg.net/img-original/img/2022/09/21/16/52/46/101384182_p0.jpg,save_here/#ã‚¿ãƒã‚¶ãƒ©ã‚· ã¿ãŒã‚ã‚Šãã‚“ãŸã¡ã«æ­Œã‚’è´ã‹ã›ã‚‹ã‚¿ãƒã‚¶ãƒ©ã‚· ä½œè€…pid31261780.jpg
https://i.pximg.net/img-original/img/2022/09/20/19/33/27/101366313_p0.jpg,save_here/#ãƒ¯ãƒ³ãƒ”ãƒ¼ã‚¹ èµ¤é«ªè¦ªå­ ä½œè€…pid22259907.jpg
https://i.pximg.net/img-original/img/2022/09/20/22/47/01/101370984_p0.jpg,save_here/#ONEPIECE ç„¡é¡Œ ä½œè€…pid1113855.jpg
https://i.pximg.net/img-original/img/2022/09/21/06/10/43/101377819_p0.jpg,save_here/#VOCALOID è½æ›¸ãã¾ã¨ã‚10 ä½œè€…pid7478242.jpg
https://i.pximg.net/img-original/img/2022/09/21/11/52/41/101380866_p0.jpg,save_here/#å¥³ã®å­ é»„æ˜ ä½œè€…pid12390571.jpg
https://i.pximg.net/img-original/img/2022/09/20/00/00/05/101351445_p0.jpg,save_here/#åŸç¥ èƒ¡æ¡ƒ ä½œè€…pid16961215.jpg
https://i.pximg.net/img-original/img/2022/09/20/19/37/34/101366398_p0.png,save_here/#ãƒ¯ãƒˆã‚½ãƒ³ãƒ»ã‚¢ãƒ¡ãƒªã‚¢ ãƒ¯ãƒˆã‚½ãƒ³ãƒ»ã‚¢ãƒ¡ãƒªã‚¢ ä½œè€…pid6567678.png
https://i.pximg.net/img-original/img/2022/09/20/20/13/13/101367109_p0.jpg,save_here/#ã‚ªãƒªã‚¸ãƒŠãƒ« Twitterã¾ã¨ã‚ã§ã™ ä½œè€…pid21602873.jpg
https://i.pximg.net/img-original/img/2022/09/20/00/00/19/101351540_p0.png,save_here/#ã‚¢ã‚¤ãƒ‰ãƒ«ãƒã‚¹ã‚¿ãƒ¼ã‚·ãƒ³ãƒ‡ãƒ¬ãƒ©ã‚¬ãƒ¼ãƒ«ã‚º Pã‚’å¿ƒé…ã—ã¦å£°ã‹ã‘ã¦ãã‚Œã‚‹ã‚‚ã‚Šãã¼ ä½œè€…pid10577069.png
https://i.pximg.net/img-original/img/2022/09/20/16/57/47/101363552_p0.png,save_here/#ã‚¦ãƒå¨˜ãƒ—ãƒªãƒ†ã‚£ãƒ¼ãƒ€ãƒ¼ãƒ“ãƒ¼ ãƒ‡ãƒãƒ•ãƒã‚¤ãƒãƒ£ã•ã‚“ ä½œè€…pid60386498.png
https://i.pximg.net/img-original/img/2022/09/21/04/16/45/101377040_p0.jpg,save_here/#GenshinImpact ãƒãƒ¥ãƒ¼ ä½œè€…pid13927045.jpg
https://i.pximg.net/img-original/img/2022/09/21/01/10/21/101374852_p0.jpg,save_here/#å°‘å¹´ nb ä½œè€…pid3963140.jpg
https://i.pximg.net/img-original/img/2022/09/20/00/03/13/101351712_p0.jpg,save_here/#Fate_GrandOrder ã‚¼ãƒãƒ“ã‚¢ï¼ˆfateï¼‰ ä½œè€…pid4412643.jpg
https://i.pximg.net/img-original/img/2022/09/21/19/49/45/101387185_p0.png,save_here/#å°‘å¥³ å¿«ä¹æ‘¸é±¼4 ä½œè€…pid5662397.png
https://i.pximg.net/img-original/img/2022/09/20/00/00/16/101351521_p0.jpg,save_here/#ã‚¢ãƒ¼ã‚¯ãƒŠã‚¤ãƒ„ å°‘å¥³ãŒåˆã‚ã¦éŠƒã‚’æ¡ã£ãŸæ—¥ ä½œè€…pid58953750.jpg
https://i.pximg.net/img-original/img/2022/09/20/20/46/10/101367813_p0.jpg,save_here/#ã‚¦ãƒå¨˜ å²å®Ÿå¹´é½¢å·®ãƒ•ãƒ©ã‚¦ãƒ³ã‚¹ ä½œè€…pid46408188.jpg
https://i.pximg.net/img-original/img/2022/09/20/17/44/54/101364308_p0.jpg,save_here/#FGO æ°—ãŒç·©ã‚“ã§ã—ã¾ã£ãŸåƒåˆ©ä¼‘ ä½œè€…pid3064497.jpg
https://i.pximg.net/img-original/img/2022/09/21/00/02/21/101373161_p0.jpg,save_here/#ä»•äº‹çµµ Vãƒ©ã‚¤ãƒãƒ¼ã€ŒkaâˆNnã€ ä½œè€…pid22613427.jpg
https://i.pximg.net/img-original/img/2022/09/21/13/04/17/101381678_p0.jpg,save_here/#ãƒ‹ã‚£ãƒ­ã‚¦ å¦®éœ² ä½œè€…pid33611048.jpg
https://i.pximg.net/img-original/img/2022/09/21/10/27/23/101380028_p0.jpg,save_here/#4ã‚³ãƒ çµå©šå¾Œã«æ˜”ã®ãƒ–ãƒ«ãƒã‚’å±¥ã‹ã›ãŸã„ ä½œè€…pid59136.jpg
https://i.pximg.net/img-original/img/2022/09/21/20/39/45/101388231_p0.png,save_here/#æ±æ–¹ ãƒ•ãƒ©ãƒ³ ä½œè€…pid19188790.png
https://i.pximg.net/img-original/img/2022/09/20/22/10/37/101370006_p0.png,save_here/#è«é’ ãã¤ã­ãƒãƒ‹ãƒ¼ ä½œè€…pid16203577.png
https://i.pximg.net/img-original/img/2022/09/21/21/56/43/101390063_p0.png,save_here/#ãƒªã‚³ãƒªã‚¹ãƒ»ãƒªã‚³ã‚¤ãƒ« Takina ä½œè€…pid7321921.png
https://i.pximg.net/img-original/img/2022/09/20/05/32/29/101356433_p0.jpg,save_here/#Cyberpunk Rebecca ä½œè€…pid4729918.jpg
https://i.pximg.net/img-original/img/2022/09/20/00/30/03/101352544_p0.png,save_here/#åŸç¥ ãƒ¢ãƒŠ ä½œè€…pid6441590.png
https://i.pximg.net/img-original/img/2022/09/21/00/02/05/101373146_p0.jpg,save_here/#åŸç¥ Kokomi ä½œè€…pid66429659.jpg
https://i.pximg.net/img-original/img/2022/09/20/20/35/22/101367557_p0.png,save_here/#ã‚ªãƒªã‚¸ãƒŠãƒ« ã‚ªãƒ¬ãƒ³ã‚¸ã®æœæ±ãŒé£›ã³æ•£ã£ã¦ç›®ã«å…¥ã‚Šæ‚¶çµ¶ã™ã‚‹ ã¡ã„ã•ã‚ ä½œè€…pid20284098.png
https://i.pximg.net/img-original/img/2022/09/20/21/21/40/101368696_p0.jpg,save_here/#å‰µä½œç™¾åˆ ã‚®ãƒ£ãƒ«ã¨ãŠå¬¢æ§˜4 ä½œè€…pid44936312.jpg
https://i.pximg.net/img-original/img/2022/09/21/00/43/06/101374228_p0.png,save_here/#ã‚ªãƒªã‚¸ãƒŠãƒ« ã‚ã‚‹æ—¥å¥³ã«ãªã£ã¦ã—ã¾ã£ãŸè¦ªå‹ãŒå¹¸ã›ã«ãªã‚‹ã¾ã§ã®è©±â‘© ä½œè€…pid22970036.png
https://i.pximg.net/img-original/img/2022/09/20/00/00/12/101351488_p0.jpg,save_here/#ã‚ªãƒªã‚¸ãƒŠãƒ« å†¬ ä½œè€…pid11047055.jpg
https://i.pximg.net/img-original/img/2022/09/21/11/14/06/101380478_p0.jpg,save_here/#ãƒ–ãƒ«ãƒ¼ã‚¢ãƒ¼ã‚«ã‚¤ãƒ– æ˜¥åŸã‚³ã‚³ãƒŠ ä½œè€…pid28071361.jpg
https://i.pximg.net/img-original/img/2022/09/20/12/00/01/101359996_p0.png,save_here/#ã‚¢ã‚¤ãƒ‰ãƒ«ãƒã‚¹ã‚¿ãƒ¼ã‚·ãƒ£ã‚¤ãƒ‹ãƒ¼ã‚«ãƒ©ãƒ¼ã‚º ã‚·ãƒ£ãƒ‹ãƒã‚¹æ¼«ç”»1233 ä½œè€…pid40394042.png
https://i.pximg.net/img-original/img/2022/09/20/23/53/27/101372714_p0.jpg,save_here/#å¤œè˜­ å°‘ã—é–‹ã„ã¦ã‚‚å¤§ä¸ˆå¤«ã§ã™ã€‚ ä½œè€…pid67345848.jpg
https://i.pximg.net/img-original/img/2022/09/20/20/10/50/101367061_p0.jpg,save_here/#æ˜æ—¥æ–¹èˆŸ Mudrock ä½œè€…pid8350304.jpg
https://i.pximg.net/img-original/img/2022/09/20/21/06/36/101368304_p0.jpg,save_here/#taco1704 ë¬´ì œ ä½œè€…pid70834530.jpg
https://i.pximg.net/img-original/img/2022/09/20/13/46/58/101361329_p0.jpg,save_here/#é‚ªç¥ã¡ã‚ƒã‚“ãƒ‰ãƒ­ãƒƒãƒ—ã‚­ãƒƒã‚¯ ã´ã®å¯æ„›ã„ ä½œè€…pid159702.jpg
https://i.pximg.net/img-original/img/2022/09/21/13/24/18/101381886_p0.jpg,save_here/#ã‚µã‚¤ãƒãƒ¼ãƒ‘ãƒ³ã‚¯_ã‚¨ãƒƒã‚¸ãƒ©ãƒ³ãƒŠãƒ¼ã‚º Lucy ä½œè€…pid32321034.jpg
https://i.pximg.net/img-original/img/2022/09/20/12/25/55/101360375_p0.jpg,save_here/#æ˜Ÿå· æ˜Ÿå· ä½œè€…pid2659479.jpg
https://i.pximg.net/img-original/img/2022/09/20/19/14/56/101363197_p0.jpg,save_here/#ã‚¢ã‚ºãƒ¼ãƒ«ãƒ¬ãƒ¼ãƒ³ ä¸å±ˆXæ¶æ¯’ ä½œè€…pid15877643.jpg
https://i.pximg.net/img-original/img/2022/09/21/00/30/40/101373958_p0.jpg,save_here/#ãƒ›ãƒ­ãƒ©ã‚¤ãƒ– ãƒãƒ‹ãƒ¼ã‚ãã‚ã¡ã‚ƒã‚“ ä½œè€…pid394141.jpg
https://i.pximg.net/img-original/img/2022/09/21/01/08/48/101374820_p0.jpg,save_here/#ãƒ©ãƒ–ãƒ©ã‚¤ãƒ–!ã‚µãƒ³ã‚·ãƒ£ã‚¤ãƒ³!! ãƒ«ãƒ“ã‚£èª•ï¼ ä½œè€…pid21666965.jpg
https://i.pximg.net/img-original/img/2022/09/21/07/01/05/101378176_p0.png,save_here/#éŸ¿ã‘!ãƒ¦ãƒ¼ãƒ•ã‚©ãƒ‹ã‚¢ãƒ  éŸ¿ã‘!ãƒ¦ãƒ¼ãƒ•ã‚©ãƒ‹ã‚¢ãƒ _207 ä½œè€…pid17089321.png
https://i.pximg.net/img-original/img/2022/09/20/18/02/22/101364659_p0.jpg,save_here/#å°å‰ç¥¥è‰ç‹ ç„¡é¡Œ ä½œè€…pid15337172.jpg
https://i.pximg.net/img-original/img/2022/09/20/00/16/39/101352168_p0.jpg,save_here/#ãƒ­ã‚¤ãƒ¨ãƒ« ãƒ­ã‚¤ãƒ¨ãƒ«ã‚ã ä½œè€…pid2153781.jpg
https://i.pximg.net/img-original/img/2022/09/21/20/43/06/101388303_p0.jpg,save_here/#ãƒªã‚³ãƒªã‚¹ãƒ»ãƒªã‚³ã‚¤ãƒ« ã€ãƒªã‚³ãƒªã‚³ã€‘çŸ¥ã‚‰ãªã„ã†ã¡ã«è´”å±“ã•ã‚Œã¦ãŸè©± ä½œè€…pid372612.jpg
https://i.pximg.net/img-original/img/2022/09/20/21/42/22/101369243_p0.png,save_here/#åŸç¥ èŠ±ç¥ã®èˆ ä½œè€…pid4155871.png
https://i.pximg.net/img-original/img/2022/09/20/08/37/49/101357911_p0.png,save_here/#å¥³ã®å­ Freyja Flaminski ä½œè€…pid14272298.png
https://i.pximg.net/img-original/img/2022/09/21/22/24/04/101390770_p0.jpg,save_here/#ã‚´ãƒ¼ãƒ«ãƒ‰ã‚·ãƒƒãƒ—(ã‚¦ãƒå¨˜) ã‚´ãƒ¼ãƒ«ãƒ‰ã‚·ãƒƒãƒ— ä½œè€…pid6567678.jpg
https://i.pximg.net/img-original/img/2022/09/20/09/58/57/101358676_p0.jpg,save_here/#æµŠå¿ƒæ–¯å¡è’‚ no title ä½œè€…pid26778657.jpg
https://i.pximg.net/img-original/img/2022/09/20/08/36/27/101357899_p0.jpg,save_here/#ãƒ­ãƒª ğŸ” ä½œè€…pid5261554.jpg
https://i.pximg.net/img-original/img/2022/09/20/20/04/35/101366934_p0.jpg,save_here/#ã‚ªãƒªã‚¸ãƒŠãƒ« 100æ—¥å¾Œã«ã¨ã‚ã‘ã‚‹ã¡ã‚ƒã‚“ 004 ä½œè€…pid3650.jpg
https://i.pximg.net/img-original/img/2022/09/21/14/48/22/101382810_p0.png,save_here/#Arknights W ä½œè€…pid73231351.png
https://i.pximg.net/img-original/img/2022/09/20/14/02/24/101361514_p0.jpg,save_here/#ãƒ‡ãƒªã‚·ãƒ£ã‚¹ãƒ‘ãƒ¼ãƒ†ã‚£â™¡ãƒ—ãƒªã‚­ãƒ¥ã‚¢ â—ã¡ã‚‡ã£ã¨ã‚¨ãƒƒãƒãªãƒ‡ãƒ‘ãƒ—ãƒªæ¼«ç”» ç¬¬28è©±ã€Œãƒ¡ãƒ³ãƒ¡ãƒ³ã¯ãƒ‰ãƒ©ã‚´ãƒ³ç´šã€ ä½œè€…pid733737.jpg
https://i.pximg.net/img-original/img/2022/09/20/17/30/01/101364057_p0.jpg,save_here/#åˆ¶æœ CM ä½œè€…pid24330742.jpg
https://i.pximg.net/img-original/img/2022/09/21/20/42/47/101388301_p0.jpg,save_here/#ãƒ„ã‚¤ã‚¹ãƒ†ãƒƒãƒ‰ãƒ¯ãƒ³ãƒ€ãƒ¼ãƒ©ãƒ³ãƒ‰ é›‘å¤šãƒ­ã‚° ä½œè€…pid2033708.jpg
https://i.pximg.net/img-original/img/2022/09/21/11/52/06/101380858_p0.png,save_here/#ã‚ªãƒªã‚¸ãƒŠãƒ« çµµæãã«è´ˆã‚‹ã‚¨ãƒ¼ãƒ«ï¼ ä½œè€…pid20284098.png
https://i.pximg.net/img-original/img/2022/09/21/19/01/27/101386295_p0.jpg,save_here/#ã‚¢ãƒªã‚¹ ã“ã‚“ãºã„ã¨ã†ã®ã‚¢ãƒªã‚¹ğŸ‡ ä½œè€…pid10885088.jpg
https://i.pximg.net/img-original/img/2022/09/20/00/34/01/101352652_p0.png,save_here/#ã‚ªãƒªã‚¸ãƒŠãƒ« ã²ã¾â€¦â€¦ ä½œè€…pid81737484.png
https://i.pximg.net/img-original/img/2022/09/20/09/54/14/101358641_p0.jpg,save_here/#è¶³è£ å…«é‡ç¥å­ ä½œè€…pid7295588.jpg
https://i.pximg.net/img-original/img/2022/09/20/00/00/20/101351545_p0.png,save_here/#æ¥µä¸Šã®ä¹³ Utage ä½œè€…pid41557010.png
https://i.pximg.net/img-original/img/2022/09/20/19/13/57/101365943_p0.png,save_here/#SPYÃ—FAMILY SÃ—Fã¾ã¨ã‚4 ä½œè€…pid11350790.png
https://i.pximg.net/img-original/img/2022/09/21/14/44/07/101382765_p0.jpg,save_here/#ã‚¢ã‚ºãƒ¼ãƒ«ãƒ¬ãƒ¼ãƒ³ Summer ä½œè€…pid3386241.jpg
https://i.pximg.net/img-original/img/2022/09/20/23/25/11/101371974_p0.png,save_here/#æ±æ–¹ å’²å¤œã•ã‚“ãŒæœ¬æ°—ã§é—˜ã£ã¦ãƒœãƒ­è² ã‘ã™ã‚‹ã ã‘ã®æ¼«ç”» ä½œè€…pid30130030.png
https://i.pximg.net/img-original/img/2022/09/20/06/30/24/101356812_p0.jpg,save_here/#VTuber Yuki Natsumi ä½œè€…pid3322006.jpg
https://i.pximg.net/img-original/img/2022/09/21/00/01/08/101373100_p0.jpg,save_here/#ãƒªã‚³ãƒªã‚¹ãƒ»ãƒªã‚³ã‚¤ãƒ« 1st or 2nd ä½œè€…pid2954421.jpg
https://i.pximg.net/img-original/img/2022/09/20/02/25/38/101354730_p0.jpg,save_here/#CyberpunkEdgerunners Rebecca ä½œè€…pid5498975.jpg
https://i.pximg.net/img-original/img/2022/09/20/21/08/11/101368340_p0.jpg,save_here/#ãƒ–ãƒ«ãƒ¼ã‚¢ãƒ¼ã‚«ã‚¤ãƒ– ã½ã«ã¦ ä½œè€…pid14196790.jpg
https://i.pximg.net/img-original/img/2022/09/20/23/33/25/101372199_p0.png,save_here/#éŒ¦æœ¨åƒæŸ Lycoris Recoil ä½œè€…pid50061694.png
https://i.pximg.net/img-original/img/2022/09/21/19/37/51/101386991_p0.png,save_here/#ã‚ªãƒªã‚¸ãƒŠãƒ« å—ä»˜ã¡ã‚ƒã‚“æ—¥èªŒ(29) ä½œè€…pid39076013.png
https://i.pximg.net/img-original/img/2022/09/20/20/03/12/101366909_p0.png,save_here/#GenshinImpact (((((TRAVELER RUN))))) ä½œè€…pid20896346.png
https://i.pximg.net/img-original/img/2022/09/21/14/47/17/101382799_p0.jpg,save_here/#æ±æ–¹ãƒ€ãƒ³ãƒã‚¯ã‚«ã‚°ãƒ© [ä»•äº‹çµµ] æ±æ–¹ãƒ€ãƒ³ãƒã‚¯ã‚«ã‚°ãƒ© ä½œè€…pid9216952.jpg
https://i.pximg.net/img-original/img/2022/09/21/19/21/36/101386685_p0.jpg,save_here/#åŸç¥ ã‚­ãƒ£ãƒ³ãƒ‡ã‚£ã‚¹ã®é¢¨å‘‚ ä½œè€…pid33211259.jpg
https://i.pximg.net/img-original/img/2022/09/20/22/31/55/101370576_p0.jpg,save_here/#è‰¦ã“ã‚Œ éŠ€è‰²ãƒ“ã‚­ãƒ‹ ä½œè€…pid2514114.jpg
https://i.pximg.net/img-original/img/2022/09/20/18/04/41/101364712_p0.png,save_here/#ã‚ªãƒªã‚¸ãƒŠãƒ« æ¯æ—¥ã‚’æ™®é€šã«ã“ãªã™äººã«è´ˆã‚‹ã‚¨ãƒ¼ãƒ«ï¼ ä½œè€…pid20284098.png
https://i.pximg.net/img-original/img/2022/09/21/21/10/34/101388957_p0.jpg,save_here/#å°‘å¥³å‰ç·š zas ä½œè€…pid14118707.jpg
https://i.pximg.net/img-original/img/2022/09/20/10/03/04/101358725_p0.png,save_here/#ã‚ªãƒªã‚¸ãƒŠãƒ« ç„¡é¡Œ ä½œè€…pid27138860.png
https://i.pximg.net/img-original/img/2022/09/21/00/00/34/101373042_p0.png,save_here/#GenshinImpact è› ä½œè€…pid51058283.png
https://i.pximg.net/img-original/img/2022/09/20/23/40/36/101372376_p0.jpg,save_here/#ArenaOfValor AoV x Demon Slayer_ Key Visual ä½œè€…pid13072125.jpg
https://i.pximg.net/img-original/img/2022/09/21/08/04/42/101378671_p0.png,save_here/#ã‚¢ãƒ¼ã‚¯ãƒŠã‚¤ãƒ„ ã‚¢ãƒ¼ã‚¯ãƒŠã‚¤ãƒ„é›†3 ä½œè€…pid5480561.png
https://i.pximg.net/img-original/img/2022/09/21/21/29/26/101389430_p0.jpg,save_here/#ã‚¹ã‚¹ãƒ¼ãƒ­(ã‚¢ãƒ¼ã‚¯ãƒŠã‚¤ãƒ„) ã‚¹ã‚¹ãƒ¼ãƒ­ ä½œè€…pid14223271.jpg
https://i.pximg.net/img-original/img/2022/09/21/13/36/59/101382018_p0.png,save_here/#ONEPIECE ã‚¦ã‚¿ã¨ãƒ«ãƒ•ã‚£ ä½œè€…pid69443107.png
https://i.pximg.net/img-original/img/2022/09/20/20/18/49/101367212_p0.jpg,save_here/#ã‚ªãƒªã‚¸ãƒŠãƒ« æˆç¸¾ã¸ã®é–¢å¿ƒãŒå¼·ã„é«˜æ ¡ç”Ÿã§ã™ã€‚ ä½œè€…pid21602873.jpg
https://i.pximg.net/img-original/img/2022/09/21/20/57/15/101388634_p0.jpg,save_here/#ãƒ•ã‚¦ã‚« ãƒ•ã‚¦ã‚« ä½œè€…pid3220191.jpg
https://i.pximg.net/img-original/img/2022/09/21/00/16/24/101373585_p0.png,save_here/#ã‚ªãƒªã‚¸ãƒŠãƒ« ã²ã¤ã˜ ä½œè€…pid1276515.png
https://i.pximg.net/img-original/img/2022/09/22/03/47/55/101388282_p0.jpg,save_here/#æ±æ–¹ ã€ç´…æ¥¼å¤¢18ã€‘æ‚ªé¤“é¬¼ç·é›†ç·¨ï¼’ã€ã‚µãƒ³ãƒ—ãƒ«ã€‘ ä½œè€…pid167132.jpg
https://i.pximg.net/img-original/img/2022/09/21/13/36/49/101382016_p0.jpg,save_here/#ç™½ã‚®ãƒ£ãƒ«ã¨é»’ã‚®ãƒ£ãƒ«ã®èª˜æƒ‘ ç™½ã‚®ãƒ£ãƒ«ã¨é»’ã‚®ãƒ£ãƒ«ã®â€œäºˆå®šâ€ ä½œè€…pid16906149.jpg
https://i.pximg.net/img-original/img/2022/09/21/09/59/35/101379741_p0.jpg,save_here/#ã‚ªãƒªã‚¸ãƒŠãƒ« å¤§å‹çŠ¬ã®è©°ã‚åˆã‚ã› ä½œè€…pid1692835.jpg
https://i.pximg.net/img-original/img/2022/09/21/02/02/47/101375730_p0.png,save_here/#å¥³ã®å­ ä»Šæ—¥ã®ä¸€æš3394 (1_20+0_50+1_00) ä½œè€…pid440400.png
https://i.pximg.net/img-original/img/2022/09/21/21/19/48/101389188_p0.jpg,save_here/#Fate_GrandOrder åˆ©ä¼‘ ä½œè€…pid40329573.jpg
https://i.pximg.net/img-original/img/2022/09/21/08/00/01/101378625_p0.jpg,save_here/#å¾¡å‚ç¾ç´ ã¿ã“ã•ã¦æ°´ç€ ä½œè€…pid9614294.jpg
https://i.pximg.net/img-original/img/2022/09/20/09/03/20/101358136_p0.jpg,save_here/#æ´‹ä»‹çŠ¬ ã€LaLaLaâ€¦ã€ç¬¬ï¼•è©±YCçƒˆã«æ²è¼‰ã€‚ ä½œè€…pid193905.jpg
https://i.pximg.net/img-original/img/2022/09/20/20/16/44/101367182_p0.jpg,save_here/#ã‚ªãƒªã‚¸ãƒŠãƒ« å¥½ãã‚ã‚‰ã°æ­»å› ã«ãªã‚ã†ã¨ã™ã‚‹å½¼å¥³ã€‚ ä½œè€…pid21602873.jpg
https://i.pximg.net/img-original/img/2022/09/21/00/00/32/101373035_p0.jpg,save_here/#ãƒ€ãƒ¼ã‚¯ãƒã‚¹ãƒ’ãƒ¼ãƒ«ã‚º 9_20 ä½œè€…pid1357884.jpg
https://i.pximg.net/img-original/img/2022/09/20/16/50/06/101363444_p0.jpg,save_here/#å°‘å¹´ 9æœˆã®JPG.PSDé…å¸ƒ ä½œè€…pid2557134.jpg
https://i.pximg.net/img-original/img/2022/09/21/13/59/33/101382269_p0.jpg,save_here/#ãƒ¬ãƒ™ãƒƒã‚«(ã‚µã‚¤ãƒãƒ¼ãƒ‘ãƒ³ã‚¯_ã‚¨ãƒƒã‚¸ãƒ©ãƒ³ãƒŠãƒ¼ã‚º) Rebecca ä½œè€…pid10168146.jpg
https://i.pximg.net/img-original/img/2022/09/21/08/32/57/101378932_p0.png,save_here/#ã‚¦ã‚¿ áš·áš¨ášº á›‰áš¨áš¾ á›áš¨áš² áš·áš¨ášº á›‰áš¨áš¾ á›áš¨á› á›áš¨á› á›’áš±áš¨áš² ä½œè€…pid27587191.png
https://i.pximg.net/img-original/img/2022/09/20/01/22/52/101353739_ugoira0.jpg,save_here/#ãƒ©ãƒ©ã‚ªã‚¹ ãƒãƒ«ãƒ¤ ä½œè€…pid3267845.jpg
https://i.pximg.net/img-original/img/2022/09/21/19/25/00/101386750_p0.jpg,save_here/#ã‚¢ã‚ºãƒ¼ãƒ«ãƒ¬ãƒ¼ãƒ³ Day 28  æ¨«é‡ ä½œè€…pid45856058.jpg
https://i.pximg.net/img-original/img/2022/09/20/15/05/18/101362237_p0.jpg,save_here/#å¥³ã®å­ ä¸­ç§‹å¸Œå„¿ ä½œè€…pid8654380.jpg
https://i.pximg.net/img-original/img/2022/09/21/12/24/14/101381216_p0.png,save_here/#ç™¾é¬¼çµµå·» ã‚ã‚„ã‚ã¡ã‚ƒã‚“ ä½œè€…pid8413186.png
https://i.pximg.net/img-original/img/2022/09/20/16/09/17/101362959_p0.png,save_here/#æ±æ–¹ å°é¢¨ã‹ã‚‰é¿é›£ã—ãŸãƒŸã‚±ã¡ã‚ƒã‚“ã¨ã¤ã‹ã•ã¡ã‚ƒã‚“ ä½œè€…pid1946476.png
https://i.pximg.net/img-original/img/2022/09/21/08/21/56/101378821_p0.jpg,save_here/#æ±æ–¹ é›éŒ¬ä¸­ã®å¦–å¤¢ã¡ã‚ƒã‚“ï¼ ä½œè€…pid1092517.jpg
https://i.pximg.net/img-original/img/2022/09/21/17/02/21/101384311_p0.jpg,save_here/#å‘ªè¡“å»»æˆ¦ ç¦ªé™¢ ç”šçˆ¾ ä½œè€…pid12989387.jpg
https://i.pximg.net/img-original/img/2022/09/20/21/38/29/101369139_p0.jpg,save_here/#ãƒ–ãƒ«ãƒ¼ã‚¢ãƒ¼ã‚«ã‚¤ãƒ– ãƒ’ãƒŠ ä½œè€…pid17125098.jpg
https://i.pximg.net/img-original/img/2022/09/20/20/37/12/101367606_p0.jpg,save_here/#ã‚ªãƒªã‚¸ãƒŠãƒ« ğŸ¦‹ ä½œè€…pid495159.jpg
https://i.pximg.net/img-original/img/2022/09/21/18/15/56/101385451_p0.png,save_here/#èƒ¡æ¡ƒ èƒ¡æ¡ƒ ä½œè€…pid20714093.png
https://i.pximg.net/img-original/img/2022/09/20/10/51/07/101359177_p0.jpg,save_here/#ç¢§è“èˆªçº¿ å·´å°”çš„æ‘© ä½œè€…pid68891022.jpg
https://i.pximg.net/img-original/img/2022/09/21/00/10/41/101373446_p0.jpg,save_here/#ã‚ªãƒªã‚¸ãƒŠãƒ« ã€å‰µä½œBLã€‘æ–°å…¥ç¤¾å“¡ãŒä¿ºã®ã“ã¨å¥½ãã‹ã‚‚ã—ã‚Œãªã„7 ä½œè€…pid6919639.jpg
https://i.pximg.net/img-original/img/2022/09/21/22/23/56/101390769_p0.jpg,save_here/#ç™¾åˆ ã€å‰µä½œç™¾åˆã€‘å¤©å–°ã®å›½ãƒ»æ¼«ç”»ã¾ã¨ã‚ ä½œè€…pid1078746.jpg
https://i.pximg.net/img-original/img/2022/09/21/00/09/01/101373392_p0.jpg,save_here/#ã‚ªãƒªã‚¸ãƒŠãƒ« å¯ã‹ã—ã¤ã‘å‹‡è€…ã¨ä¸çœ ç—‡é­”ç‹ã€€ç•ªå¤–ç·¨ãã®23 ä½œè€…pid17382080.jpg
https://i.pximg.net/img-original/img/2022/09/21/00/00/02/101372890_p0.jpg,save_here/#ãƒ–ãƒ«ãƒ¼ã‚¢ãƒ¼ã‚«ã‚¤ãƒ– ãƒãƒ‹ãƒ¼ã‚¢ã‚«ãƒ ä½œè€…pid885299.jpg
https://i.pximg.net/img-original/img/2022/09/21/20/47/36/101388395_p0.jpg,save_here/#ã‚ªãƒªã‚¸ãƒŠãƒ« æ„šè€…ã®å¡” ä½œè€…pid37503334.jpg
https://i.pximg.net/img-original/img/2022/09/20/23/18/46/101371807_p0.jpg,save_here/#ãƒ—ãƒ­ã‚»ã‚« ã³ã³ã³â€¦ï¼ãªã¡ã³å¥ã¡ã‚ƒã‚“ ä½œè€…pid54381159.jpg
https://i.pximg.net/img-original/img/2022/09/21/00/01/32/101373118_p0.jpg,save_here/#æ±æ–¹ è—æ§˜ãŒãƒ‡ã‚£ã‚¹ãƒ—ãƒ¬ã‚¤ã«æ˜ ã£ãŸâ€¦ ä½œè€…pid34904.jpg
https://i.pximg.net/img-original/img/2022/09/20/19/35/57/101366360_p0.png,save_here/#Cyberpunk2077 Rebecca ä½œè€…pid3093884.png
https://i.pximg.net/img-original/img/2022/09/20/20/00/08/101366833_p0.jpg,save_here/#åˆéŸ³ãƒŸã‚¯ åˆéŸ³ãƒŸã‚¯ã¡ã‚ƒã‚“ ä½œè€…pid42141468.jpg
https://i.pximg.net/img-original/img/2022/09/21/06/32/29/101377971_p0.jpg,save_here/#ONEPIECE ç§ã¯æœ€å¼· ä½œè€…pid38584271.jpg
https://i.pximg.net/img-original/img/2022/09/20/13/20/53/101361034_p0.png,save_here/#ãƒ–ãƒ«ãƒ¼ã‚¢ãƒ¼ã‚«ã‚¤ãƒ– å¤©é›¨ã‚¢ã‚³ ä½œè€…pid15801389.png
https://i.pximg.net/img-original/img/2022/09/20/20/30/22/101367451_p0.jpg,save_here/#æ±æ–¹ 7æœˆå¾ŒåŠã®è‰²ã€… ä½œè€…pid2936205.jpg
https://i.pximg.net/img-original/img/2022/09/21/00/14/55/101373548_p0.png,save_here/#Cyberpunk Lucy ä½œè€…pid43194796.png
https://i.pximg.net/img-original/img/2022/09/21/00/00/33/101373036_p0.png,save_here/#ãƒ›ãƒ­ãƒ©ã‚¤ãƒ– Inaâ€™nis ä½œè€…pid26489227.png
https://i.pximg.net/img-original/img/2022/09/21/22/16/41/101390592_p0.jpg,save_here/#Fate_GrandOrder æ°´ç€ã‚¹ã‚«ãƒ‡ã‚£ ä½œè€…pid1067404.jpg
https://i.pximg.net/img-original/img/2022/09/20/07/54/05/101357513_p0.jpg,save_here/#å¥³ã®å­ ç”˜é›¨ ä½œè€…pid25167068.jpg
https://i.pximg.net/img-original/img/2022/09/21/13/00/35/101381633_p0.png,save_here/#å¥³ã®å­ äººè®¾E ä½œè€…pid652249.png
https://i.pximg.net/img-original/img/2022/09/20/18/04/12/101364701_p0.jpg,save_here/#ã ã‚‹ã¾ã„ãšã”ã£ã© ã€å†é›†çµ ver.CRã‚«ãƒƒãƒ—9.5å›ã€‘ ä½œè€…pid68915697.jpg
https://i.pximg.net/img-original/img/2022/09/21/03/47/05/101367849_p0.jpg,save_here/#ì™íƒ€ë²„ìŠ¤ ê¹€í”¼íƒ•ì•¤ì§¬ë½• ä½œè€…pid17311392.jpg
https://i.pximg.net/img-original/img/2022/09/20/18/17/00/101364924_p0.jpg,save_here/#ã‚¦ãƒå¨˜ å‹è² æœãƒ›ãƒƒã‚³ãƒ¼ã‚¿ãƒ«ãƒã‚¨ ä½œè€…pid3810321.jpg
https://i.pximg.net/img-original/img/2022/09/20/23/33/41/101372204_p0.png,save_here/#åŸç¥ ç„¡é¡Œ ä½œè€…pid44562895.png
https://i.pximg.net/img-original/img/2022/09/21/19/04/27/101386350_p0.jpg,save_here/#ãƒ„ã‚¤ãƒ³ãƒ†ãƒ¼ãƒ« å¤©ä½¿ã¡ã‚ƒã‚“ğŸŒ™ ä½œè€…pid18906118.jpg
https://i.pximg.net/img-original/img/2022/09/21/01/14/49/101374925_p0.jpg,save_here/#èµ›åšæœ‹å…‹ å‘œå‘œå‘œå‘œ ä½œè€…pid37414587.jpg
https://i.pximg.net/img-original/img/2022/09/20/23/30/50/101372139_p0.jpg,save_here/#æ–è—¤ä¸€ ã‚ã£ãŸã‹ã‚‚ã—ã‚Œãªã„æœªæ¥ ä½œè€…pid2060919.jpg
https://i.pximg.net/img-original/img/2022/09/21/19/03/18/101386333_p0.jpg,save_here/#ãƒ¤ãƒ³ãƒ‡ãƒ¬ ã‚ªã‚¿ã‚¯å›VSãƒ¤ãƒ³ãƒ‡ãƒ¬å¦¹ï¼ˆã‚«ãƒ©ãƒ¼ï¼†ãƒãƒ³ã‚¬å‹•ç”»ç‰ˆï¼‰ ä½œè€…pid11143.jpg
https://i.pximg.net/img-original/img/2022/09/21/01/56/13/101375643_p0.jpg,save_here/#è‰¦ã“ã‚Œ åˆå†¬2 ä½œè€…pid515212.jpg
https://i.pximg.net/img-original/img/2022/09/20/17/25/34/101363985_p0.jpg,save_here/#éŠæˆ¯ç‹ ã€ãƒ¡ã‚¤ãƒ‰é€±é–“ã€‘Sï¼Force ä¹±ç ´å°å¤œä¸¸ ä½œè€…pid32266299.jpg
https://i.pximg.net/img-original/img/2022/09/21/19/48/37/101387165_p0.png,save_here/#å°‘å¥³ å¿«ä¹æ‘¸é±¼2 ä½œè€…pid5662397.png
https://i.pximg.net/img-original/img/2022/09/20/19/19/42/101366052_p0.jpg,save_here/#ã‚¦ãƒå¨˜ ã€ã‚¦ãƒå¨˜ã€‘ã‹ã‚ã„ãæ’®ã£ã¦ã‚ã’ã‚‹ã­ã£â™ªï¼ˆãƒãƒ¤ãƒ–ãƒ©ã€€ãƒ†ã‚¤ã‚·ãƒªï¼Ÿï¼‰ ä½œè€…pid73151283.jpg
https://i.pximg.net/img-original/img/2022/09/20/13/17/31/101360997_p0.jpg,save_here/#ã‚µã‚¤ãƒãƒ¼ãƒ‘ãƒ³ã‚¯_ã‚¨ãƒƒã‚¸ãƒ©ãƒ³ãƒŠãƒ¼ã‚º Lucy for iPhone XS ä½œè€…pid7000942.jpg
https://i.pximg.net/img-original/img/2022/09/21/00/01/12/101373102_p0.png,save_here/#ã‚ªãƒªã‚¸ãƒŠãƒ« ãƒ’ãƒŸãƒ³ãƒ“ãƒ§ãƒ«ã‚° ä½œè€…pid526122.png
https://i.pximg.net/img-original/img/2022/09/21/16/45/20/101384106_p0.jpg,save_here/#MystaRias ã‚¦ã‚µã‚®ã•ã‚“ğŸ° ä½œè€…pid9744522.jpg
https://i.pximg.net/img-original/img/2022/09/20/12/01/43/101360044_p0.png,save_here/#çŒ«åˆãŠã‹ã‚† ã€Œåƒ•ã‚‚ã•ã€œé»’ä¸Šã¡ã‚ƒã‚“ã«â—‹è²ã‹ã‚ˆã£ã¦è¨€ã‚ã‚ŒãŸã„ã€œã€ ä½œè€…pid8414069.png
https://i.pximg.net/img-original/img/2022/09/20/13/57/34/101361445_p0.jpg,save_here/#ã‹ãªã¾ãµ ã¾ã¨ã‚ãã®20 ä½œè€…pid58390913.jpg
https://i.pximg.net/img-original/img/2022/09/20/17/54/37/101364455_p0.png,save_here/#ã‚¦ãƒå¨˜ ã‚¦ãƒã¾ã¨ã‚27 ä½œè€…pid4392157.png
https://i.pximg.net/img-original/img/2022/09/20/12/27/01/101360394_p0.jpg,save_here/#BlueArchive ãƒ¢ãƒ¢ã‚¤ ä½œè€…pid986563.jpg
https://i.pximg.net/img-original/img/2022/09/21/04/14/13/101377020_p0.jpg,save_here/#ã‚¸ãƒ¥ãƒª ã˜ã‚…ã˜ã‚…ã‚Šã˜ã‚…ã‚Š ä½œè€…pid287671.jpg
https://i.pximg.net/img-original/img/2022/09/20/22/55/46/101371200_p0.png,save_here/#Cyberpunk2077 Rebecca ä½œè€…pid1875637.png
https://i.pximg.net/img-original/img/2022/09/21/02/11/26/101375847_p0.png,save_here/#ãƒ«ãƒ¼ã‚·ãƒ¼ éª—å­ï¼Œè¯´å¥½çš„ä¸€èµ·å»æœˆçƒçš„å‘¢ ä½œè€…pid28811102.png
https://i.pximg.net/img-original/img/2022/09/20/23/30/03/101372115_p0.jpg,save_here/#ZONe(ã‚¨ãƒŠã‚¸ãƒ¼ãƒ‰ãƒªãƒ³ã‚¯) èª˜ã„ ä½œè€…pid19246805.jpg
https://i.pximg.net/img-original/img/2022/09/20/00/13/25/101352064_p0.jpg,save_here/#ã‚¦ãƒå¨˜ ãŠã†ã¾ã•ã‚“ãƒ­ã‚°9 ä½œè€…pid17822970.jpg
https://i.pximg.net/img-original/img/2022/09/20/14/35/13/101361904_p0.png,save_here/#ã‚µã‚¤ãƒãƒ¼ãƒ‘ãƒ³ã‚¯_ã‚¨ãƒƒã‚¸ãƒ©ãƒ³ãƒŠãƒ¼ã‚º Rebecca cool sneakers ä½œè€…pid5142900.png
https://i.pximg.net/img-original/img/2022/09/21/17/09/19/101384405_p0.jpg,save_here/#ã«ã˜ã•ã‚“ã˜ ã«ã˜ã•ã‚“ã˜LOGâ‘£ (2022å¹´å‰åŠ) ä½œè€…pid4044211.jpg
https://i.pximg.net/img-original/img/2022/09/20/18/28/57/101365104_p0.jpg,save_here/#ç™½éŠ€ãƒã‚¨ãƒ« é»’ãƒã‚¨ãƒ« ä½œè€…pid54642.jpg
https://i.pximg.net/img-original/img/2022/09/20/05/10/52/101356270_p0.png,save_here/#ãƒãƒ¼ãƒãƒ£ãƒ«YouTuber ã•ãã‚†ã„ ä½œè€…pid14999392.png
https://i.pximg.net/img-original/img/2022/09/21/01/25/32/101375124_p0.png,save_here/#åŸç¥ ãã‚…ã‚“ãã‚…ã‚“ãƒ•ã‚£ãƒƒã‚·ãƒ¥ãƒ« ä½œè€…pid68681636.png
https://i.pximg.net/img-original/img/2022/09/21/00/03/27/101373206_p0.png,save_here/#æ­¦è”µ(ã‚¢ã‚ºãƒ¼ãƒ«ãƒ¬ãƒ¼ãƒ³) æ­¦è”µ! ä½œè€…pid26837253.png
https://i.pximg.net/img-original/img/2022/09/21/02/44/37/101376231_p0.jpg,save_here/#ãŠã£ã±ã„ ãˆã£ã¡ãªè‡ªæ’®ã‚Šã‚’æ’®ã‚‹ã‚€ã¡ã‚€ã¡ã§ã‹ã¡ã¡ï¼ªï¼«ã¡ã‚ƒã‚“ ä½œè€…pid53533912.jpg
https://i.pximg.net/img-original/img/2022/09/20/23/59/31/101372863_p0.jpg,save_here/#ãƒ¡ã‚¤ãƒ‰ ã‚¿ãƒˆã‚¥ãƒ¼ãƒ¡ã‚¤ãƒ‰ ä½œè€…pid27120302.jpg
https://i.pximg.net/img-original/img/2022/09/20/00/22/24/101352313_ugoira0.jpg,save_here/#ìš°ê³ ì´ë¼ (á“€â€¸á“‚) ä½œè€…pid5321039.jpg
https://i.pximg.net/img-original/img/2022/09/20/21/10/07/101368391_p0.jpg,save_here/#åŸç¥ 21æ—¥ç›®ã€ãƒ•ã‚£ãƒƒã‚·ãƒ¥ãƒ« ä½œè€…pid15681279.jpg
https://i.pximg.net/img-original/img/2022/09/20/00/34/35/101352668_p0.png,save_here/#å¥³ã®å­ Lycoris Recoil Chisato ä½œè€…pid56005970.png
https://i.pximg.net/img-original/img/2022/09/21/00/00/18/101372991_p0.jpg,save_here/#å´©å£Š3rd DAY51 è¡Œä¾ ä»—ä¹‰ï¼Œä½†éµçºªå®ˆæ³•ï¼ˆ ä½œè€…pid15611520.jpg
https://i.pximg.net/img-original/img/2022/09/20/09/59/16/101358685_p0.png,save_here/#GenshinImpact Ganyu ä½œè€…pid16976440.png
https://i.pximg.net/img-original/img/2022/09/20/14/48/04/101362064_p0.jpg,save_here/#ã‚³ã‚ºãƒŸãƒƒã‚¯ãƒ–ãƒ¬ã‚¤ã‚¯ ãºã½ ä½œè€…pid2039232.jpg
https://i.pximg.net/img-original/img/2022/09/20/11/22/02/101359516_p0.jpg,save_here/#åŸç¥ Candace ä½œè€…pid17134901.jpg
https://i.pximg.net/img-original/img/2022/09/21/00/00/01/101372883_p0.png,save_here/#ãƒ©ãƒ–ãƒ©ã‚¤ãƒ–! Happy Birthday! Ruby 2022 ä½œè€…pid59276045.png
https://i.pximg.net/img-original/img/2022/09/21/00/00/17/101372986_p0.png,save_here/#ãƒªã‚³ãƒªã‚¹ãƒ»ãƒªã‚³ã‚¤ãƒ« ãŸããª ä½œè€…pid3889453.png
https://i.pximg.net/img-original/img/2022/09/21/00/59/12/101374615_p0.jpg,save_here/#ãƒ‰ãƒ©ã‚´ãƒ³ãƒœãƒ¼ãƒ« ãƒ«ã‚¦ã‚¿æ•‘ä¸–ä¸»ï¼ ä½œè€…pid35971781.jpg
https://i.pximg.net/img-original/img/2022/09/21/00/00/10/101372944_p0.png,save_here/#å¤é–¢ã‚¦ã‚¤ ã‚¦ã‚¤ã«ä¼šã£ãŸ ä½œè€…pid10257686.png
https://i.pximg.net/img-original/img/2022/09/21/06/39/31/101378016_p0.jpg,save_here/#ãƒŠãƒ«ãƒ¡ã‚¢ æ•é£Ÿã®ãƒŠãƒ«ãƒ¡ã‚¢ ä½œè€…pid34647919.jpg
https://i.pximg.net/img-original/img/2022/09/21/22/00/14/101390160_p0.jpg,save_here/#ã‚¦ãƒå¨˜ãƒ—ãƒªãƒ†ã‚£ãƒ¼ãƒ€ãƒ¼ãƒ“ãƒ¼ æŠ±ãæ•ã«ã•ã‚Œã‚‹ã‚»ã‚¤ã¡ã‚ƒã‚“ ä½œè€…pid9473554.jpg
https://i.pximg.net/img-original/img/2022/09/21/00/07/02/101373327_p0.jpg,save_here/#ãƒ–ãƒ«ãƒ¼ã‚¢ãƒ¼ã‚«ã‚¤ãƒ– ç‹å‚ãƒ¯ã‚«ãƒ¢ ä½œè€…pid32480735.jpg
https://i.pximg.net/img-original/img/2022/09/20/20/05/24/101366947_p0.jpg,save_here/#ã”æ³¨æ–‡ã¯ã†ã•ãã§ã™ã‹_ ã“ã“ã‚ã´ã‚‡ã‚“ã´ã‚‡ã‚“ ä½œè€…pid784963.jpg
https://i.pximg.net/img-original/img/2022/09/20/20/51/17/101367909_p0.jpg,save_here/#ã‚ªãƒªã‚¸ãƒŠãƒ« ã“ã†ã„ã†ã‚«ãƒ—ãŒå¥½ã9 ä½œè€…pid15902060.jpg
https://i.pximg.net/img-original/img/2022/09/21/20/05/39/101387548_p0.jpg,save_here/#æ¼«ç”» äºŒäººã®éƒ¨å±‹ ä½œè€…pid16778378.jpg
https://i.pximg.net/img-original/img/2022/09/20/03/19/27/101355351_p0.png,save_here/#åŸç¥ ç”˜é›¨ ä½œè€…pid73785207.png
https://i.pximg.net/img-original/img/2022/09/21/22/19/44/101390669_p0.png,save_here/#ãƒ¬ãƒ™ãƒƒã‚« ä¸½è´å¡ ä½œè€…pid18691577.png
https://i.pximg.net/img-original/img/2022/09/21/15/00/34/101382933_p0.jpg,save_here/#ã‚¢ã‚ºãƒ¼ãƒ«ãƒ¬ãƒ¼ãƒ³ Azur Lane ä½œè€…pid7857643.jpg
https://i.pximg.net/img-original/img/2022/09/21/15/54/39/101383508_p0.jpg,save_here/#åŸç¥ é›·é›»å°†è» ä½œè€…pid18734559.jpg
https://i.pximg.net/img-original/img/2022/09/21/14/57/43/101382903_p0.png,save_here/#ãŠã£ã±ã„ novelpia ä½œè€…pid7857643.png
https://i.pximg.net/img-original/img/2022/09/20/13/31/28/101361153_p0.png,save_here/#Banditchan RAID ä½œè€…pid5711290.png
https://i.pximg.net/img-original/img/2022/09/21/00/00/18/101372989_p0.jpg,save_here/#ã‚¢ãƒ¼ã‚¯ãƒŠã‚¤ãƒ„ Kal'tsit å‡¯å°”å¸Œ ã‚±ãƒ«ã‚·ãƒ¼ã®ãƒ¡ã‚¤ãƒ‰å§¿ ä½œè€…pid9980500.jpg
https://i.pximg.net/img-original/img/2022/09/21/11/04/39/101380384_p0.png,save_here/#å‰µä½œ å‰µä½œ ä½œè€…pid5062359.png
https://i.pximg.net/img-original/img/2022/09/21/12/03/57/101381019_p0.png,save_here/#ãƒãƒ‹ãƒ¼ã‚¬ãƒ¼ãƒ« è§’æ¥¯ã‚«ãƒªãƒ³ ä½œè€…pid3181004.png
https://i.pximg.net/img-original/img/2022/09/21/20/01/13/101387459_p0.png,save_here/#ãƒ›ãƒ­ãƒ©ã‚¤ãƒ– ã€Œæ¯’ãªã‚“ã¦å…¥ã£ã¦ãªã„ã‚ˆï½ğŸ’œã€ ä½œè€…pid16441986.png
https://i.pximg.net/img-original/img/2022/09/21/18/56/27/101386168_p0.jpg,save_here/#ãƒãƒ³ãƒ»ã‚¸ãƒ¥ãƒª ãƒãƒ³ãƒ»ã‚¸ãƒ¥ãƒª ä½œè€…pid200066.jpg
https://i.pximg.net/img-original/img/2022/09/20/14/00/08/101361486_p0.png,save_here/#ãŠã­ã‚·ãƒ§ã‚¿ æƒ³ã„ãŒé‡ã„é€šä¿¡æ•™è‚² ç†±ä¸­ ä½œè€…pid3312251.png
https://i.pximg.net/img-original/img/2022/09/20/21/55/45/101369604_p0.png,save_here/#ã‚¦ãƒå¨˜ãƒ—ãƒªãƒ†ã‚£ãƒ¼ãƒ€ãƒ¼ãƒ“ãƒ¼ ç„¡é¡Œ ä½œè€…pid27843932.png
https://i.pximg.net/img-original/img/2022/09/20/22/28/29/101370479_p0.png,save_here/#ã‚ªãƒªã‚¸ãƒŠãƒ« ã²ã¾ã‚ã‚Šã•ã‚“ã‚‰ããŒãã¾ã¨ã‚ ä½œè€…pid267596.png
https://i.pximg.net/img-original/img/2022/09/21/00/05/17/101373275_p0.png,save_here/#hrakã€è…ã€‘ ã€å†ç‰ˆã®ãŠçŸ¥ã‚‰ã›ã€‘ ä½œè€…pid1172165.png
https://i.pximg.net/img-original/img/2022/09/21/00/43/55/101374246_p0.jpg,save_here/#FGO ãƒ„ã‚¤ãƒƒã‚¿ãƒ¼ãƒ­ã‚°ã¾ã¨ã‚108ï¼ˆFGOï¼‰ ä½œè€…pid46403573.jpg
https://i.pximg.net/img-original/img/2022/09/21/09/45/33/101379613_p0.jpg,save_here/#Original Miseryä½œè€…pid890158.jpg
https://i.pximg.net/img-original/img/2022/09/21/10/17/35/101379929_p0.jpg,save_here/#nsfw Rebecca ä½œè€…pid10291992.jpg
https://i.pximg.net/img-original/img/2022/09/21/03/24/22/101376635_p0.jpg,save_here/#ãƒªã‚³ãƒªã‚¹ãƒ»ãƒªã‚³ã‚¤ãƒ« ç„¡é¡Œ ä½œè€…pid55594279.jpg
https://i.pximg.net/img-original/img/2022/09/20/22/23/25/101370342_p0.jpg,save_here/#ã‚¨ãƒ ãƒã‚¹ã€è…ã€‘ ã€webå†éŒ²ã€‘çœ ã‚Œã¬å¤œã«å­å®ˆå”„ã‚’ ä½œè€…pid2511059.jpg
https://i.pximg.net/img-original/img/2022/09/21/00/29/24/101373924_p0.jpg,save_here/#åŸç¥ ã‚¨ã‚¦ãƒ«ã‚¢ ä½œè€…pid3246295.jpg
https://i.pximg.net/img-original/img/2022/09/20/23/00/00/101371321_p0.png,save_here/#ã‚ªãƒªã‚¸ãƒŠãƒ« ã“ãƒ¼ã‚†ãƒ¼ã®ãŒå¥½ããªã‚“ã§ã™ã‹...ãµï½ã‚“...â¤ ä½œè€…pid10835234.png
https://i.pximg.net/img-original/img/2022/09/21/02/32/15/101376087_p0.jpg,save_here/#æ˜¥åŸã‚³ã‚³ãƒŠ ã‚³ã‚³ãƒŠ ä½œè€…pid4600067.jpg
https://i.pximg.net/img-original/img/2022/09/21/17/22/40/101384580_p0.png,save_here/#FF14 FF14 ä½œè€…pid13910119.png
https://i.pximg.net/img-original/img/2022/09/21/12/41/57/101381417_p0.jpg,save_here/#æ±æ–¹Project é­‚é­„å¦–å¤¢ ä½œè€…pid19911483.jpg
https://i.pximg.net/img-original/img/2022/09/21/00/07/12/101373334_p0.jpg,save_here/#ä¸çŸ¥ç«èˆ ä¸çŸ¥ç« èˆ ä½œè€…pid807482.jpg
